time_s,emission_g_per_h,run_US_West,run_US_Central,run_US_East,run_France,run_Germany,run_Korea,run_India,run_Japan
0.0,1199.8,0,0,0,0,2,0,1,0
900.0,943.1999999999999,0,0,0,0,1,0,1,0
1800.0,2698.2,1,0,0,1,1,1,2,1
2700.0,4434.4,1,0,1,0,1,1,4,1
3600.0,2960.2,1,0,1,1,2,0,2,1
4500.0,4360.4,2,0,1,2,3,0,2,3
5400.0,4621.4,2,0,2,1,3,1,2,2
6300.0,6088.9,2,2,3,1,4,2,2,1
7200.0,5550.4,2,1,1,1,5,2,2,2
8100.0,5906.5,2,0,1,2,5,3,3,1
9000.0,3787.4,1,0,0,2,6,2,1,1
9900.0,3758.2999999999997,1,0,1,2,4,2,0,3
10800.0,3504.0,0,0,2,2,3,2,0,3
11700.0,2822.1000000000004,0,0,2,1,2,1,0,3
12600.0,3906.3,0,0,2,2,2,4,0,3
13500.0,3271.1000000000004,0,0,1,2,2,1,0,5
14400.0,3978.1,0,0,1,2,2,3,0,5
15300.0,2886.0,0,0,1,2,2,1,0,4
16200.0,4153.4,0,1,3,2,2,1,1,3
17100.0,4499.5,1,2,1,3,3,1,0,4
18000.0,3763.8,1,1,4,1,2,1,0,2
18900.0,5562.1,1,2,4,1,2,3,1,2
19800.0,3976.2,1,2,4,1,3,1,0,1
20700.0,5505.3,1,2,3,1,3,0,3,2
21600.0,5039.1,0,4,3,1,4,1,0,2
22500.0,4709.299999999999,0,3,3,0,1,1,1,3
23400.0,5157.799999999999,0,4,3,0,1,1,1,3
24300.0,3649.2000000000003,1,1,3,0,2,2,0,2
25200.0,4152.299999999999,0,1,5,1,2,1,1,2
26100.0,5062.0,1,3,5,0,2,1,0,3
27000.0,3697.8,1,1,4,0,2,1,1,1
27900.0,4866.1,1,3,3,0,3,1,0,3
28800.0,4085.0,2,2,3,1,4,1,0,1
29700.0,5339.3,2,2,4,0,4,2,1,1
30600.0,4601.7,2,4,4,1,4,0,0,1
31500.0,5470.9,3,4,4,1,3,0,1,1
32400.0,5183.900000000001,2,4,6,1,3,0,1,0
33300.0,4849.5,3,3,3,1,3,1,0,2
34200.0,4115.5,4,3,2,0,2,1,1,0
35100.0,4023.0999999999995,4,3,3,2,1,0,1,0
36000.0,4191.299999999999,3,3,3,2,1,1,1,0
36900.0,3423.2999999999997,2,1,3,1,3,1,1,0
37800.0,3003.0,3,2,2,1,2,1,0,0
38700.0,3637.7,5,2,2,0,3,0,1,0
39600.0,4099.2,4,3,1,2,3,0,1,1
40500.0,4573.1,6,3,2,1,4,0,1,0
41400.0,5404.099999999999,7,3,2,0,4,0,2,0
42300.0,4380.6,4,3,3,3,4,0,1,0
43200.0,4467.900000000001,4,3,3,0,5,0,1,0
44100.0,5030.5,6,3,2,1,2,2,1,0
45000.0,4683.2,6,3,2,0,3,1,1,0
45900.0,4612.0,5,3,3,1,2,1,1,0
46800.0,5332.2,5,3,3,0,2,1,2,0
47700.0,6433.299999999999,5,3,3,1,4,0,3,1
48600.0,6635.9,6,3,2,0,2,1,3,1
49500.0,4948.5,4,3,2,0,3,0,1,2
50400.0,6402.1,3,5,1,0,2,0,2,3
51300.0,8144.0,3,6,1,0,2,1,2,5
52200.0,8088.200000000001,2,5,2,1,3,0,3,5
53100.0,7749.799999999999,3,6,2,2,2,0,3,3
54000.0,6893.400000000001,2,6,1,1,3,0,2,3
54900.0,7618.3,2,6,1,1,4,0,2,4
55800.0,7183.7,2,5,0,1,2,1,2,5
56700.0,7551.6,1,4,3,3,1,1,1,7
57600.0,6337.800000000001,1,2,1,3,1,2,1,7
58500.0,6803.2,1,2,2,2,1,1,2,7
59400.0,6377.0,2,3,1,2,3,2,1,5
60300.0,6800.299999999999,1,1,2,2,2,4,1,6
61200.0,9388.3,3,3,3,2,2,4,2,7
62100.0,8313.7,1,5,2,3,3,3,1,6
63000.0,6500.0,4,4,1,2,2,2,1,4
63900.0,5480.700000000001,5,4,2,2,2,2,1,1
64800.0,5803.799999999999,3,2,2,3,3,2,3,1
65700.0,5893.0,3,3,2,2,2,2,3,1
66600.0,5721.4,1,1,2,2,1,3,4,1
67500.0,7239.799999999999,1,1,4,1,1,3,4,3
68400.0,6578.200000000001,1,2,3,2,1,3,3,3
69300.0,6489.6,2,0,3,1,0,4,3,4
70200.0,7392.9,2,3,2,1,0,5,4,2
71100.0,8893.1,3,1,3,1,0,8,4,3
72000.0,8053.200000000001,2,0,5,1,0,7,4,2
72900.0,7618.9,2,0,4,1,1,6,4,2
73800.0,9021.8,2,2,5,1,2,5,5,2
74700.0,5630.1,3,1,2,2,1,5,3,0
75600.0,7843.3,0,1,3,3,1,7,5,0
76500.0,6908.0,0,2,3,2,2,5,4,0
77400.0,6335.8,0,2,3,2,2,5,3,0
78300.0,5858.800000000001,1,1,2,1,3,5,3,0
79200.0,6440.700000000001,4,1,3,1,3,4,3,1
80100.0,5616.299999999999,2,1,1,1,3,3,3,2
81000.0,6035.2,1,1,3,2,4,4,3,0
81900.0,5410.9,2,1,2,2,2,4,3,0
82800.0,5720.200000000001,2,1,3,2,2,4,3,0
83700.0,5698.1,2,1,2,2,3,4,3,0
84600.0,4252.9,1,0,2,2,2,4,2,0
85500.0,4873.299999999999,1,0,2,1,2,4,3,0
86400.0,7605.5,1,2,2,1,6,5,4,0
87300.0,5717.0,1,2,2,3,5,4,2,0
88200.0,5292.7,1,1,2,2,5,4,2,0
89100.0,5128.8,3,1,2,1,5,3,2,0
90000.0,5997.4,2,2,2,1,6,2,3,0
90900.0,4409.2,2,0,2,2,6,0,2,1
91800.0,4750.5,2,1,1,3,7,1,2,0
92700.0,5931.0,2,0,3,3,7,2,2,1
93600.0,6226.700000000001,2,0,2,5,8,3,2,1
94500.0,5122.6,2,0,2,5,5,2,1,3
95400.0,5359.200000000001,2,0,3,6,5,1,1,4
96300.0,5821.700000000001,2,0,1,8,6,2,1,5
97200.0,4530.799999999999,2,0,1,7,4,2,1,3
98100.0,3247.8,1,0,0,4,4,1,0,4
99000.0,2660.4999999999995,0,0,1,4,3,2,0,2
99900.0,4224.1,0,0,2,6,3,4,0,3
100800.0,3474.0000000000005,0,0,2,5,4,3,0,2
101700.0,4285.8,0,0,2,6,3,3,0,4
102600.0,3732.7000000000003,0,1,1,6,3,3,1,1
103500.0,4141.4,0,2,2,5,4,1,1,2
104400.0,4200.4,1,5,1,6,3,1,0,1
105300.0,3838.0,1,2,2,4,3,1,1,1
106200.0,4662.0,2,2,6,4,4,1,0,1
107100.0,5481.900000000001,2,1,5,4,3,3,2,0
108000.0,4456.3,2,2,5,3,1,1,1,1
108900.0,3757.2999999999997,1,2,5,3,2,1,0,1
109800.0,4231.0,1,1,5,3,1,1,1,2
110700.0,3903.5,0,1,4,3,2,2,1,1
111600.0,3912.0,0,3,3,3,1,1,2,0
112500.0,4180.2,0,3,4,1,1,1,2,0
113400.0,3487.6000000000004,2,3,3,1,2,0,1,0
114300.0,3351.7,2,1,3,2,2,0,2,0
115200.0,2808.3,2,1,4,2,1,0,1,0
116100.0,5216.700000000001,2,3,5,1,1,1,1,2
117000.0,5380.999999999999,2,4,4,2,2,0,2,1
117900.0,3849.2000000000003,2,4,2,1,3,0,1,0
118800.0,6091.6,2,5,2,2,2,0,3,1
119700.0,4933.2,2,3,2,2,1,0,3,1
120600.0,5492.7,3,4,2,2,2,1,2,1
121500.0,5006.8,2,5,2,2,1,0,2,1
122400.0,4834.8,3,4,2,2,1,0,2,1
123300.0,4509.0,2,4,2,2,2,0,1,2
124200.0,4621.6,3,4,2,1,2,1,1,1
125100.0,4193.8,2,4,2,1,1,2,0,1
126000.0,3470.8,2,2,2,1,2,2,0,1
126900.0,3026.2,1,2,3,1,2,1,0,1
127800.0,3525.7999999999997,2,1,3,2,1,1,1,1
128700.0,4000.0,6,2,2,2,1,0,1,1
129600.0,4395.3,4,2,2,2,0,1,1,2
130500.0,4070.9,3,2,1,1,0,2,2,0
131400.0,4803.2,4,4,1,2,0,1,2,0
132300.0,4509.700000000001,2,3,1,1,1,2,2,0
133200.0,5387.1,2,3,3,1,1,3,2,0
134100.0,6965.9,2,4,1,2,0,2,5,0
135000.0,5921.4,2,4,0,2,1,2,4,0
135900.0,7053.299999999999,3,5,0,4,4,3,3,1
136800.0,6659.0,3,3,1,4,0,3,3,2
137700.0,5511.9,1,3,1,1,1,3,2,2
138600.0,5453.7,2,4,0,1,1,2,2,2
139500.0,5202.099999999999,0,2,1,0,1,2,3,2
140400.0,6839.6,1,2,0,1,0,4,3,4
141300.0,6244.3,0,3,0,0,1,5,2,3
142200.0,5693.9,0,2,2,0,0,5,2,2
143100.0,6672.5,0,1,2,0,1,6,2,4
144000.0,7344.099999999999,0,1,0,0,1,6,3,5
144900.0,7129.1,1,2,0,1,2,5,3,4
145800.0,7494.799999999999,0,2,1,2,2,7,2,4
146700.0,7242.0,0,3,2,1,2,7,1,4
147600.0,6195.799999999999,1,2,2,1,2,7,1,2
148500.0,4834.3,1,1,1,1,2,5,1,2
149400.0,6683.200000000001,2,1,0,2,2,5,3,3
150300.0,5919.900000000001,1,2,0,1,1,5,2,3
151200.0,5372.6,1,1,2,1,1,6,1,2
152100.0,7485.9,0,1,3,1,0,7,3,3
153000.0,6644.499999999999,0,0,1,1,1,7,2,4
153900.0,7620.5,1,1,3,1,1,7,4,1
154800.0,6233.200000000001,1,2,2,2,1,5,3,1
155700.0,3990.9000000000005,1,1,1,3,0,3,2,1
156600.0,4454.0,0,1,2,3,0,2,3,1
157500.0,4159.0,1,0,2,2,0,2,3,1
158400.0,5152.2,1,1,1,1,0,2,3,3
159300.0,5681.299999999999,1,3,1,3,0,2,2,4
160200.0,4317.9,1,0,2,3,0,1,1,5
161100.0,6951.400000000001,0,0,2,3,0,3,4,5
162000.0,6179.099999999999,1,0,0,3,0,2,4,5
162900.0,4922.7,1,0,0,4,0,0,3,5
163800.0,5620.7,1,0,2,4,0,1,3,5
164700.0,4824.7,4,0,0,4,0,1,2,5
165600.0,2842.9,2,1,0,4,0,0,1,3
166500.0,3048.0999999999995,2,1,0,3,1,0,1,3
167400.0,3917.7,0,1,0,3,3,0,3,1
168300.0,2656.3999999999996,0,0,0,3,1,0,3,0
169200.0,2248.0,0,0,0,2,1,1,2,0
170100.0,1225.8999999999999,1,0,0,1,1,0,1,0
171000.0,2560.8999999999996,2,1,0,2,1,0,2,0
171900.0,2448.2000000000003,1,0,0,2,1,0,2,1
172800.0,1917.8000000000002,1,0,0,2,2,1,1,0
173700.0,2072.7000000000003,2,0,0,2,2,1,1,0
174600.0,2570.0999999999995,2,0,0,1,1,1,2,0
175500.0,3454.5000000000005,2,0,0,2,3,1,2,1
176400.0,3607.5,1,0,0,1,3,2,2,1
177300.0,3637.7,2,1,0,1,2,1,2,1
178200.0,2601.4000000000005,0,0,0,2,1,1,2,1
179100.0,3476.2,1,0,0,2,1,2,2,2
180000.0,4115.5,0,0,1,2,2,3,2,2
180900.0,5277.5,0,0,1,2,4,3,3,2
181800.0,4957.1,0,0,1,2,4,1,3,3
182700.0,5028.2,0,1,1,2,5,2,2,3
183600.0,4262.099999999999,0,0,1,3,3,1,3,2
184500.0,4649.8,0,1,1,1,3,3,1,4
185400.0,2997.4,0,0,1,1,2,2,1,2
186300.0,5836.7,1,0,1,2,6,5,1,3
187200.0,6424.2,3,0,1,2,5,2,2,5
188100.0,4982.5,2,0,3,1,4,1,2,2
189000.0,6632.5,2,0,3,1,2,1,5,2
189900.0,7083.799999999999,1,0,3,1,2,2,4,5
190800.0,6741.8,2,0,2,3,2,2,4,4
191700.0,6439.6,1,0,2,2,2,3,4,3
192600.0,6556.8,1,0,2,3,4,2,4,3
193500.0,6495.599999999999,0,0,4,2,3,2,4,3
194400.0,5429.900000000001,1,0,2,2,2,2,3,3
195300.0,4529.8,2,0,3,2,2,2,2,1
196200.0,4742.6,1,1,3,3,2,3,1,2
197100.0,4481.6,1,1,2,1,1,3,2,1
198000.0,2384.5999999999995,1,1,2,1,0,3,0,0
198900.0,2627.8,1,1,1,1,3,2,0,1
199800.0,4721.799999999999,3,1,2,3,0,2,3,0
200700.0,3518.3999999999996,2,2,2,3,0,2,1,0
201600.0,3144.2,1,2,2,4,2,1,1,0
202500.0,5624.0,1,2,2,2,0,0,5,1
203400.0,3682.5,1,2,5,3,2,0,1,0
204300.0,4466.0,1,2,4,2,0,0,2,2
205200.0,2978.7,3,2,4,2,0,0,0,1
206100.0,3121.6000000000004,2,2,2,2,0,0,2,0
207000.0,4038.6000000000004,2,3,3,1,2,0,2,0
207900.0,3398.3,1,3,2,2,1,0,2,0
208800.0,3309.0,1,4,1,2,0,0,2,0
209700.0,4450.7,2,4,2,1,1,1,2,0
210600.0,4107.6,1,3,2,3,1,0,2,1
211500.0,5424.5,2,3,2,2,1,0,4,0
212400.0,4950.9,1,4,2,3,4,0,2,1
213300.0,5497.400000000001,2,4,1,3,3,0,3,1
214200.0,4277.0,3,4,1,2,3,0,2,0
215100.0,3923.2,1,4,1,0,1,1,2,0
216000.0,3577.3,2,3,0,2,1,1,2,0
216900.0,3857.5,2,3,0,1,0,2,2,0
217800.0,4074.2,3,2,1,3,1,1,1,2
218700.0,4000.2,3,2,1,2,0,1,1,2
219600.0,4043.3999999999996,3,2,1,1,1,1,1,2
220500.0,4419.599999999999,3,2,1,3,0,0,2,2
221400.0,3735.5,2,2,1,2,0,1,1,2
222300.0,3688.2,1,1,1,3,0,2,1,2
223200.0,2849.7,1,0,1,2,0,1,1,2
224100.0,3130.5,1,0,2,2,1,2,1,1
225000.0,2752.6000000000004,0,0,1,3,1,1,1,2
225900.0,1613.6999999999998,1,0,1,2,1,1,0,1
226800.0,3063.3,0,1,2,2,0,1,1,2
227700.0,3398.9000000000005,0,1,2,2,1,2,0,3
228600.0,4470.5,0,2,2,2,0,2,0,5
229500.0,2950.7000000000003,0,0,4,1,0,1,0,3
230400.0,2816.1000000000004,0,1,1,1,0,2,0,3
231300.0,4249.200000000001,2,2,1,1,1,2,0,4
232200.0,4893.1,3,2,3,0,1,3,0,3
233100.0,4460.4,2,2,2,1,1,3,0,3
234000.0,6152.4,1,3,2,2,2,4,0,5
234900.0,5458.6,3,3,2,2,1,2,0,5
235800.0,6983.1,3,6,3,1,1,3,0,5
236700.0,7066.200000000001,2,3,2,1,2,2,2,5
237600.0,6550.5,4,2,2,1,1,1,2,5
238500.0,7288.5,3,1,1,2,1,1,3,6
239400.0,6744.6,4,3,0,2,0,2,3,4
240300.0,5629.000000000001,3,0,0,2,0,2,3,4
241200.0,7001.799999999999,4,0,3,2,0,3,3,4
242100.0,7466.200000000001,4,2,1,3,0,4,3,4
243000.0,7048.9000000000015,5,0,3,1,1,2,3,4
243900.0,6027.9,5,0,2,1,0,2,3,3
244800.0,6434.8,6,1,2,2,0,2,3,3
245700.0,6022.699999999999,6,4,1,1,0,1,2,3
246600.0,6349.5,6,3,2,1,0,1,3,2
247500.0,5967.299999999999,7,2,2,1,2,1,2,2
248400.0,5249.599999999999,5,1,1,2,1,1,2,3
249300.0,4643.799999999999,6,2,0,1,1,1,1,3
250200.0,4819.599999999999,4,3,1,1,1,2,1,2
251100.0,5303.3,4,3,0,1,1,2,2,2
252000.0,5648.200000000001,6,2,2,1,2,3,1,2
252900.0,5061.6,7,0,3,4,1,5,1,0
253800.0,4905.299999999999,5,1,1,3,1,4,2,0
254700.0,3721.9,5,0,1,2,2,3,1,0
255600.0,3018.0,4,0,0,3,1,2,1,1
256500.0,5138.7,2,1,0,2,3,2,3,1
257400.0,3789.9000000000005,1,1,0,1,3,1,2,1
258300.0,4239.5,0,2,2,1,2,1,2,1
259200.0,4403.3,1,2,1,1,2,2,2,1
260100.0,5184.4,0,2,1,1,2,1,2,4
261000.0,5289.5,0,1,1,2,2,2,3,2
261900.0,5724.2,0,1,1,3,3,2,3,2
262800.0,3430.1000000000004,0,0,1,5,3,1,1,2
263700.0,3896.1000000000004,0,0,2,4,4,1,1,2
264600.0,4068.0999999999995,0,1,0,5,3,3,1,2
265500.0,3040.1,0,1,2,6,2,1,1,0
266400.0,3090.7000000000003,0,1,1,5,2,0,1,2
267300.0,2753.7,0,2,1,4,1,0,1,1
268200.0,2375.2,0,1,2,4,0,0,1,1
269100.0,1871.1000000000001,0,1,3,3,0,1,0,0
270000.0,2556.8,0,1,2,2,1,2,0,1
270900.0,2537.1000000000004,0,1,2,2,1,0,0,3
271800.0,3570.3,0,1,2,3,4,0,0,3
272700.0,3562.4000000000005,1,1,1,3,3,2,0,2
273600.0,2878.7,1,2,2,4,2,0,0,1
274500.0,3923.1,1,2,4,5,1,2,0,1
275400.0,2970.2999999999997,0,2,3,4,1,0,0,2
276300.0,4015.6,0,3,5,4,0,0,1,1
277200.0,3968.2,1,1,4,4,0,0,2,1
278100.0,4041.9,0,2,3,2,0,1,1,3
279000.0,5900.5,0,2,4,2,0,0,3,4
279900.0,3631.1,1,1,5,1,1,1,0,2
280800.0,4103.1,1,1,4,1,1,1,1,2
281700.0,6554.699999999999,1,2,3,1,1,1,3,4
282600.0,7405.9,1,3,3,1,1,1,4,3
283500.0,6676.0,1,3,3,0,0,2,4,1
284400.0,4085.7999999999997,1,2,2,0,0,0,2,2
285300.0,4921.200000000001,3,2,2,0,0,0,3,1
286200.0,5764.9,2,3,2,1,1,1,3,1
287100.0,4080.6,3,2,1,0,2,0,1,2
288000.0,4548.8,2,2,2,0,1,0,2,2
288900.0,5786.1,1,3,2,0,0,0,4,2
289800.0,6288.800000000001,3,3,2,1,2,0,3,2
290700.0,4054.1,2,2,2,1,0,1,1,2
291600.0,4726.7,2,2,3,1,1,1,1,2
292500.0,3902.8,2,2,2,2,2,2,0,1
293400.0,4475.9,3,3,1,2,3,2,0,1
294300.0,5511.200000000001,2,3,0,2,3,2,2,1
295200.0,4758.5,2,3,0,2,3,2,1,1
296100.0,5469.8,2,3,0,2,3,2,2,1
297000.0,4564.599999999999,2,5,1,2,2,0,1,1
297900.0,6141.0,2,6,0,2,5,0,2,1
298800.0,5745.1,2,5,0,3,1,1,2,2
299700.0,3620.8999999999996,2,3,0,2,3,0,1,1
300600.0,3974.4000000000005,2,4,0,3,1,1,1,1
301500.0,3977.3,2,4,0,2,1,1,1,1
302400.0,4335.6,2,5,0,3,1,0,1,2
303300.0,4978.200000000001,2,4,0,3,1,1,1,3
304200.0,5812.4,3,5,1,4,1,1,1,3
305100.0,4618.900000000001,5,3,0,4,2,0,1,2
306000.0,4082.2,5,2,0,4,1,0,1,2
306900.0,5781.0,6,3,1,4,1,0,2,2
307800.0,6127.2,6,2,2,4,2,0,2,2
308700.0,5468.700000000001,5,1,0,4,1,2,2,2
309600.0,5479.4,5,1,0,6,1,2,2,2
310500.0,4326.2,6,1,0,4,1,2,1,1
311400.0,4896.299999999999,6,1,1,3,1,3,1,1
312300.0,6199.299999999999,5,1,2,3,1,3,2,2
313200.0,5473.0,4,2,0,2,2,5,1,1
314100.0,6157.2,4,2,0,2,3,6,1,1
315000.0,8177.5,4,2,1,2,2,6,3,2
315900.0,9129.599999999999,4,2,2,3,1,6,3,4
316800.0,6990.8,3,2,0,2,1,6,2,3
317700.0,5148.200000000001,3,1,1,2,1,6,1,1
318600.0,5875.3,2,2,2,2,2,6,1,1
319500.0,4678.6,2,1,1,2,2,5,0,2
320400.0,5343.9,3,3,0,0,2,5,1,1
321300.0,5610.0,3,1,0,1,2,6,1,2
322200.0,6244.3,5,1,0,0,2,7,1,2
323100.0,6483.8,3,1,1,0,2,7,1,3
324000.0,6943.2,2,1,1,1,2,5,2,4
324900.0,7587.700000000001,3,1,1,1,2,5,3,3
325800.0,9122.0,2,2,1,0,2,4,4,5
326700.0,9939.400000000001,2,2,1,0,3,7,3,5
327600.0,10715.400000000001,2,2,2,0,3,8,3,5
328500.0,9839.400000000001,3,1,2,1,3,7,3,4
329400.0,9861.8,4,3,2,0,3,6,3,3
330300.0,8608.8,4,1,2,1,2,7,3,2
331200.0,8730.3,4,2,2,1,2,6,4,1
332100.0,8920.5,6,3,3,1,1,6,3,2
333000.0,8890.900000000001,7,3,1,1,0,6,3,4
333900.0,7918.5,5,2,1,3,0,6,3,3
334800.0,7596.1,4,2,1,2,0,6,3,3
335700.0,7816.400000000001,5,2,2,1,2,5,3,2
336600.0,6220.0,4,1,2,1,1,5,2,2
337500.0,6038.2,3,2,1,1,1,5,2,2
338400.0,5323.1,3,0,1,1,1,5,2,2
339300.0,5794.7,4,1,1,1,2,4,2,2
340200.0,6770.3,2,1,2,1,2,5,2,3
341100.0,6992.5,1,1,1,1,2,4,3,3
342000.0,6405.8,2,1,1,1,2,2,3,3
342900.0,8341.3,1,2,1,2,5,3,4,1
343800.0,5575.799999999999,1,1,1,3,5,1,2,1
344700.0,6673.0,0,1,1,4,6,2,2,2
345600.0,5628.0,0,1,0,4,5,1,2,2
346500.0,5591.900000000001,0,1,0,6,5,2,2,1
347400.0,5164.400000000001,0,1,0,7,5,1,2,1
348300.0,5755.3,2,0,1,5,4,2,3,0
349200.0,5052.400000000001,1,0,1,6,5,1,2,0
350100.0,4221.5,2,0,1,6,4,2,1,0
351000.0,4083.8,1,1,0,8,4,2,1,0
351900.0,3271.9,1,1,0,7,4,2,0,0
352800.0,4812.3,1,1,0,6,5,2,1,1
353700.0,6528.200000000001,0,1,0,3,6,2,3,1
354600.0,6098.3,0,1,0,4,6,1,3,1
355500.0,3917.2,1,1,0,5,4,1,1,1
356400.0,5258.8,0,1,0,4,5,2,1,3
357300.0,3641.3,0,1,1,6,4,2,0,1
358200.0,6755.900000000001,0,1,3,6,6,2,1,3
359100.0,4922.900000000001,1,1,3,5,3,2,1,1
360000.0,5056.9,1,1,2,5,3,1,2,1
360900.0,4913.4,2,1,3,5,2,0,1,3
361800.0,5771.1,0,0,3,5,3,1,1,5
362700.0,5254.8,0,2,3,6,3,0,2,1
363600.0,4818.7,0,2,4,6,3,0,1,1
364500.0,4582.5,1,4,3,4,3,0,0,1
365400.0,6635.5,1,4,0,4,4,2,2,2
366300.0,6242.9,1,4,0,4,4,2,1,3
367200.0,5848.9,2,3,0,3,3,1,2,2
368100.0,4879.8,1,4,0,3,3,1,1,1
369000.0,5519.4,1,4,1,2,2,0,2,2
369900.0,3840.4,1,4,1,2,2,0,0,2
370800.0,5700.3,1,4,2,2,2,1,2,1
371700.0,6996.8,3,4,1,2,2,0,4,1
372600.0,7925.4,3,8,2,2,2,0,3,1
373500.0,6694.8,2,8,1,3,3,0,1,2
374400.0,6967.1,1,8,1,3,2,0,2,2
375300.0,7139.700000000001,1,7,2,2,2,0,3,1
376200.0,7790.500000000001,3,7,4,2,2,1,2,1
377100.0,7681.099999999999,4,6,3,0,2,1,2,2
378000.0,8975.800000000001,3,8,3,1,1,1,4,1
378900.0,7117.300000000001,3,6,5,0,2,0,2,1
379800.0,7692.9,5,5,5,0,3,0,2,1
380700.0,10310.8,4,6,7,2,3,2,3,1
381600.0,8693.0,3,5,5,3,3,3,2,1
382500.0,6659.299999999999,4,6,3,2,2,1,1,1
383400.0,5956.1,4,5,4,2,2,1,1,0
384300.0,5582.299999999999,4,4,3,2,3,1,1,0
385200.0,3996.0,4,4,2,2,1,0,1,0
386100.0,4696.299999999999,4,4,2,2,3,0,1,0
387000.0,7446.4,4,4,1,2,4,1,3,1
387900.0,4222.900000000001,5,2,2,2,3,0,1,0
388800.0,3534.6000000000004,3,2,2,1,2,1,0,1
389700.0,5518.6,3,2,3,1,3,2,1,1
390600.0,6364.3,4,2,3,2,3,0,2,2
391500.0,6988.200000000001,4,2,3,2,3,0,2,3
392400.0,6167.200000000001,5,2,2,0,3,0,2,2
393300.0,5433.200000000001,4,3,2,0,3,1,1,1
394200.0,3382.3,4,2,2,0,2,0,0,1
395100.0,4010.7000000000003,5,2,2,0,3,0,0,1
396000.0,3787.2,4,2,1,1,2,0,0,2
396900.0,3054.3999999999996,3,0,2,1,1,1,0,2
397800.0,2388.1,2,0,2,2,1,1,0,1
398700.0,2942.8999999999996,2,1,2,1,1,3,0,0
399600.0,2297.4,2,2,1,1,1,1,0,0
400500.0,1854.7,2,0,1,1,1,2,0,0
401400.0,3370.9,2,0,3,2,1,3,0,1
402300.0,4676.1,1,1,4,1,1,4,0,2
403200.0,3283.7,1,0,3,1,0,3,0,2
404100.0,3948.3,1,1,2,2,0,2,1,2
405000.0,4549.8,1,0,2,4,0,2,2,2
405900.0,6286.9,3,0,2,2,1,3,1,5
406800.0,6893.5,4,1,3,2,0,4,1,5
407700.0,6008.599999999999,2,0,3,1,0,3,2,4
408600.0,6927.000000000001,4,1,2,1,1,5,2,3
409500.0,6870.5,2,2,1,1,0,4,3,3
410400.0,5820.9,3,1,2,2,0,3,2,3
411300.0,6645.299999999999,1,0,3,2,0,5,2,4
412200.0,6356.8,0,0,4,1,1,5,1,4
413100.0,5614.0,1,0,5,1,0,6,0,4
414000.0,7527.299999999999,2,1,4,1,0,6,2,4
414900.0,5985.2,1,1,0,2,0,5,2,4
415800.0,6162.6,1,1,2,0,0,5,1,5
416700.0,4556.299999999999,3,1,0,0,0,3,1,4
417600.0,5082.2,2,2,0,0,0,2,1,5
418500.0,4734.799999999999,2,1,0,0,1,2,1,4
419400.0,6148.800000000001,3,0,3,0,0,2,2,5
420300.0,5919.599999999999,3,0,0,2,1,1,3,4
421200.0,3087.3,3,0,0,1,0,1,1,3
422100.0,3710.8,2,2,0,0,0,0,2,2
423000.0,4028.5,2,4,0,0,0,0,2,1
423900.0,2809.2,2,0,1,2,0,0,2,1
424800.0,5059.0,2,1,0,3,0,1,4,1
425700.0,3661.2,2,2,0,1,0,1,2,1
426600.0,3839.0000000000005,2,0,0,2,2,1,2,1
427500.0,4032.5,3,0,0,2,2,1,2,1
428400.0,5824.400000000001,2,0,1,1,3,2,3,1
429300.0,4308.3,2,0,1,1,3,0,2,1
430200.0,5133.6,2,0,1,3,2,1,3,1
431100.0,5776.0,1,1,1,3,3,0,3,1
432000.0,5060.1,0,2,1,3,1,0,3,1
432900.0,8050.4,1,4,0,3,4,0,4,1
433800.0,6403.700000000001,1,3,0,3,3,0,3,1
434700.0,7368.299999999999,1,2,0,4,4,3,3,1
435600.0,5084.200000000001,2,0,0,4,3,1,2,2
436500.0,5014.8,2,0,0,4,4,1,2,1
437400.0,6663.8,0,0,1,4,7,1,2,1
438300.0,5209.599999999999,0,1,1,3,5,1,1,1
439200.0,5713.799999999999,1,1,0,3,5,2,1,2
440100.0,3201.4,0,0,0,3,3,1,1,1
441000.0,1513.8,0,0,0,3,2,1,0,0
441900.0,2672.4,0,1,0,3,1,2,1,0
442800.0,2649.4,0,0,0,3,2,2,1,0
443700.0,4130.7,2,0,1,3,2,3,1,1
444600.0,2951.2,2,0,0,3,3,3,0,0
445500.0,3665.5999999999995,2,0,2,3,2,1,1,1
446400.0,4051.1,2,0,0,2,2,2,2,1
447300.0,4187.5,2,0,1,3,3,1,2,0
448200.0,3966.8999999999996,2,0,0,3,3,1,1,2
449100.0,5478.6,2,1,1,2,4,2,1,2
450000.0,4961.4,1,1,1,1,3,3,1,2
450900.0,3628.4,0,1,1,1,2,2,1,1
451800.0,5490.200000000001,1,2,2,2,1,2,1,4
452700.0,5778.9,1,1,4,2,2,2,1,3
453600.0,4915.1,1,1,4,1,2,4,0,2
454500.0,5928.8,0,0,4,1,3,4,1,3
455400.0,6046.5,0,1,4,1,1,1,3,2
456300.0,4549.3,0,2,5,1,1,1,1,1
457200.0,6807.199999999999,0,4,4,1,1,4,2,1
458100.0,4847.9,0,3,4,2,2,0,1,1
459000.0,3571.2000000000003,0,4,3,1,1,0,0,1
459900.0,6071.8,1,5,3,2,1,0,1,3
460800.0,6361.7,1,4,3,2,3,1,1,2
461700.0,6237.0,2,4,2,1,2,0,2,2
462600.0,3367.6999999999994,1,3,3,1,1,0,0,1
463500.0,4516.6,2,2,4,1,1,1,1,1
464400.0,5639.8,3,2,3,0,1,2,2,1
465300.0,4551.4,3,2,5,0,1,1,1,0
466200.0,5032.099999999999,3,1,5,2,3,1,1,0
467100.0,5793.9,6,2,3,1,2,1,2,0
468000.0,4531.1,3,2,2,0,1,1,2,0
468900.0,5003.5,3,2,2,0,2,1,2,0
469800.0,7383.0,3,3,4,0,2,1,3,1
470700.0,5086.799999999999,3,3,2,2,1,1,2,0
471600.0,5135.6,5,4,2,2,0,0,2,0
472500.0,5282.9,6,3,2,2,0,1,2,0
473400.0,4700.0,5,2,2,2,0,1,2,0
474300.0,5431.1,5,2,1,4,0,1,3,0
475200.0,6627.299999999999,4,2,1,2,0,2,3,2
476100.0,5184.6,5,2,1,2,2,1,2,0
477000.0,7466.7,4,3,2,4,4,2,2,1
477900.0,5065.099999999999,4,2,1,3,0,2,2,1
478800.0,5376.1,4,2,1,3,1,2,2,1
479700.0,5646.6,4,3,0,3,2,1,2,1
480600.0,6548.1,6,2,2,3,3,1,2,1
481500.0,6735.3,6,2,0,2,2,2,2,3
482400.0,5642.0,6,2,1,3,1,2,2,1
483300.0,5003.4,4,2,0,4,1,2,2,1
484200.0,6294.7,3,3,0,3,1,4,2,2
485100.0,6702.3,3,2,1,3,1,4,2,3
486000.0,6956.7,4,2,0,4,1,3,2,4
486900.0,7112.400000000001,4,3,2,4,0,2,2,4
487800.0,7019.6,4,2,1,3,0,3,2,5
488700.0,8852.300000000001,4,2,0,3,0,2,3,8
489600.0,10585.399999999998,6,2,1,2,0,3,4,8
490500.0,8341.1,4,2,1,2,2,3,2,6
491400.0,11151.2,4,3,0,2,3,4,3,8
492300.0,11368.1,4,1,0,2,4,5,4,7
493200.0,9053.800000000001,4,2,0,3,2,5,2,7
494100.0,7791.6,4,2,0,3,3,5,0,7
495000.0,6470.7,1,3,0,2,1,5,0,6
495900.0,6806.5,1,2,0,2,1,5,1,6
496800.0,5866.1,0,2,1,1,1,4,0,6
497700.0,6821.299999999999,1,3,0,1,1,3,1,6
498600.0,7769.300000000001,1,1,2,1,1,4,2,6
499500.0,8576.3,1,0,3,1,1,4,3,6
500400.0,7578.299999999999,0,0,2,2,1,4,4,3
501300.0,7173.0,2,0,0,2,2,4,4,2
502200.0,8015.200000000001,3,2,0,1,1,4,4,3
503100.0,8287.5,0,3,2,1,1,5,3,3
504000.0,8226.5,0,0,2,1,2,5,4,3
504900.0,7645.1,1,0,1,1,2,5,4,2
505800.0,8952.699999999999,2,1,2,2,2,6,4,2
506700.0,8411.899999999998,2,2,1,1,2,7,3,2
507600.0,7861.0,1,1,0,2,2,8,3,2
508500.0,6190.7,0,1,0,2,1,6,3,1
509400.0,5803.8,0,1,0,1,1,5,3,1
510300.0,6694.2,2,2,0,1,1,3,4,1
511200.0,8820.8,3,5,1,1,1,3,4,1
512100.0,9237.3,1,5,0,2,2,3,4,2
513000.0,6915.9,1,3,0,1,2,2,3,2
513900.0,6654.800000000001,3,3,0,0,2,2,3,1
514800.0,5598.3,1,2,0,0,3,2,2,1
515700.0,7470.2,1,3,0,0,5,3,2,1
516600.0,7872.999999999999,3,2,1,2,4,1,3,2
517500.0,7414.000000000001,2,2,1,2,4,1,3,1
518400.0,7819.5,1,3,1,3,4,1,3,1
519300.0,7309.4,1,1,1,3,4,1,3,2
520200.0,6722.499999999999,1,1,1,4,4,1,2,3
521100.0,7243.9,1,1,1,5,5,1,2,3
522000.0,5159.2,2,1,1,4,3,0,1,3
522900.0,3229.5,1,1,0,5,3,0,0,2
523800.0,5435.9,1,1,0,6,5,3,0,3
524700.0,5211.6,0,1,1,5,6,3,0,1
525600.0,2644.2,0,1,0,5,4,0,0,0
526500.0,2991.6000000000004,0,2,0,4,3,1,0,0
527400.0,5017.700000000001,1,2,0,3,4,0,1,2
528300.0,4388.200000000001,1,1,0,2,4,0,1,2
529200.0,5441.3,2,1,1,1,4,2,1,2
530100.0,6124.500000000001,2,1,0,3,6,0,2,1
531000.0,8478.9,2,1,0,4,6,0,4,2
531900.0,8391.400000000001,3,2,1,4,5,1,2,4
532800.0,11094.6,3,3,1,3,7,2,3,4
533700.0,7486.799999999999,2,3,1,5,5,2,1,2
534600.0,6342.4,2,2,2,3,4,1,1,2
535500.0,7874.4,3,2,3,1,4,3,1,4
536400.0,6252.9,2,2,4,1,3,0,1,3
537300.0,6105.5,2,3,2,0,4,0,1,2
538200.0,8152.5,3,3,5,4,4,0,1,4
539100.0,10737.2,3,3,6,4,4,0,5,1
540000.0,8611.2,2,4,7,4,4,2,1,1
540900.0,7879.800000000001,2,3,7,3,3,0,2,1
541800.0,7668.299999999999,3,4,4,3,3,0,2,1
542700.0,7954.299999999999,3,3,4,2,3,0,3,1
543600.0,9071.5,3,3,3,2,2,0,5,2
544500.0,9661.4,3,6,3,2,2,1,4,1
545400.0,6208.3,4,3,3,3,2,1,2,0
546300.0,5659.200000000001,4,3,2,3,2,0,2,0
547200.0,5939.4,4,2,2,2,1,0,3,1
548100.0,8386.4,4,2,2,2,2,1,5,1
549000.0,7240.3,4,2,2,2,3,1,3,1
549900.0,8473.0,5,3,2,3,4,1,3,1
550800.0,7266.5,4,3,2,1,2,1,3,1
551700.0,6757.2,6,3,1,2,2,2,2,1
552600.0,7365.8,5,4,1,2,3,1,1,3
553500.0,5708.700000000001,3,3,1,3,3,1,1,1
554400.0,5417.200000000001,2,3,1,2,3,1,1,1
555300.0,7728.6,2,5,2,3,2,1,2,2
556200.0,6362.299999999999,2,4,2,4,3,1,1,1
557100.0,5984.9,2,5,2,4,3,0,1,0
558000.0,5215.299999999999,1,5,3,4,3,0,0,0
558900.0,6132.199999999999,1,6,3,4,4,0,0,0
559800.0,6602.6,1,5,3,4,3,0,1,1
560700.0,4973.4,2,4,3,6,2,0,0,1
561600.0,5051.1,2,4,3,7,1,0,1,0
562500.0,5001.8,1,4,2,6,2,0,1,0
563400.0,3477.0,1,3,1,5,1,1,0,1
564300.0,4473.200000000001,2,2,1,5,2,4,0,1
565200.0,5091.099999999999,2,3,2,5,1,3,0,2
566100.0,5585.5,1,2,2,4,2,3,1,2
567000.0,7934.4,2,2,4,4,2,3,2,3
567900.0,7513.6,2,2,3,4,3,3,2,2
568800.0,6031.299999999999,2,2,3,4,2,1,1,3
569700.0,5242.200000000001,1,2,1,4,2,1,1,3
570600.0,5774.3,1,2,2,4,2,2,1,3
571500.0,4490.0,1,2,2,4,2,2,1,0
572400.0,4377.2,0,1,3,4,2,3,1,0
573300.0,4499.0,1,1,1,5,2,3,1,1
574200.0,3625.7,0,1,2,3,1,3,1,0
575100.0,4820.3,0,3,0,1,1,3,2,0
576000.0,3734.2000000000007,1,2,0,1,1,4,1,0
576900.0,2822.7,2,0,0,0,1,4,1,0
577800.0,4025.6000000000004,1,1,1,0,1,3,1,2
578700.0,4360.3,1,0,1,1,1,4,2,1
579600.0,3555.9,0,0,2,1,1,4,1,1
580500.0,4826.4,0,1,3,0,2,4,1,1
581400.0,5249.0,0,1,0,0,4,3,1,2
582300.0,7572.3,0,2,2,1,4,4,2,2
583200.0,7442.2,0,1,1,1,5,4,2,2
584100.0,6420.6,0,0,3,0,3,4,2,2
585000.0,6490.1,0,0,3,0,3,4,2,2
585900.0,7483.099999999999,1,1,1,0,3,5,2,4
586800.0,10218.9,3,1,3,1,3,4,4,5
587700.0,11214.399999999998,1,3,1,0,4,4,4,6
588600.0,8889.099999999999,1,1,1,1,1,3,4,7
589500.0,6549.5,2,1,2,0,1,3,1,7
590400.0,7181.9,2,0,1,0,1,3,2,8
591300.0,7300.099999999999,4,0,0,1,1,4,2,8
592200.0,8386.6,1,2,0,0,1,4,3,7
593100.0,6763.700000000001,2,1,0,0,1,4,2,6
594000.0,8918.0,3,2,0,0,3,2,4,4
594900.0,8699.6,3,3,0,1,4,2,3,3
595800.0,8948.1,6,2,0,0,5,3,3,3
596700.0,10476.9,4,2,0,0,5,2,5,3
597600.0,8594.9,3,2,0,0,2,2,4,5
598500.0,9842.5,3,2,1,0,2,2,5,5
599400.0,10052.8,4,1,1,0,2,2,6,4
600300.0,8611.3,1,1,0,0,2,2,5,4
601200.0,8553.0,1,1,0,2,2,3,5,3
602100.0,7268.4,1,1,1,2,1,2,5,1
603000.0,7306.8,3,1,1,2,1,1,5,1
603900.0,6534.1,2,3,1,3,1,1,3,1
604800.0,5772.1,1,2,1,3,1,1,3,1
605700.0,4875.299999999999,1,2,1,3,1,1,2,1
606600.0,4426.700000000001,1,2,1,2,1,1,2,0
607500.0,2542.2,1,1,0,2,1,1,1,0
608400.0,1086.9,1,0,0,2,1,1,0,0
609300.0,1097.1,1,0,0,2,1,1,0,0
610200.0,589.0,1,0,0,2,0,1,0,0
611100.0,578.4,1,0,0,2,0,1,0,0
612000.0,385.6,0,0,0,2,0,1,0,0
612900.0,237.5,0,0,0,0,0,1,0,0
613800.0,223.8,0,0,0,0,0,1,0,0
614700.0,196.8,0,0,0,0,0,1,0,0
615600.0,193.5,0,0,0,0,0,1,0,0
616500.0,0.0,0,0,0,0,0,0,0,0
617400.0,0.0,0,0,0,0,0,0,0,0
618300.0,0.0,0,0,0,0,0,0,0,0
619200.0,0.0,0,0,0,0,0,0,0,0
620100.0,0.0,0,0,0,0,0,0,0,0
621000.0,0.0,0,0,0,0,0,0,0,0
621900.0,0.0,0,0,0,0,0,0,0,0
622800.0,0.0,0,0,0,0,0,0,0,0
623700.0,0.0,0,0,0,0,0,0,0,0
624600.0,0.0,0,0,0,0,0,0,0,0
625500.0,0.0,0,0,0,0,0,0,0,0
626400.0,0.0,0,0,0,0,0,0,0,0
