time_s,US_West,US_Central,US_East,France,Germany,Korea,India,Japan
0.0,188.9,446.2,363.2,42.7,250.0,409.6,699.8,440.9
900.0,203.1,447.7,354.5,42.1,236.9,391.8,706.3,439.5
1800.0,216.0,436.7,349.7,36.0,219.3,378.9,706.8,434.4
2700.0,222.9,440.5,339.5,36.5,228.0,399.3,705.4,423.1
3600.0,238.9,435.1,343.4,39.8,233.1,392.2,716.2,439.5
4500.0,248.6,423.3,350.3,37.4,244.9,395.6,713.6,425.4
5400.0,247.6,437.4,332.2,37.7,252.7,401.6,715.9,416.3
6300.0,257.7,447.4,332.0,36.4,254.7,406.7,696.4,421.3
7200.0,256.7,424.9,328.8,41.8,261.1,389.2,677.6,401.2
8100.0,271.3,426.3,331.0,44.2,257.4,387.1,693.6,415.4
9000.0,276.8,442.5,328.9,46.0,261.0,371.5,688.7,420.9
9900.0,280.8,456.4,312.3,47.4,246.9,398.8,675.3,428.4
10800.0,280.3,467.2,299.9,46.6,251.2,381.6,663.6,431.4
11700.0,295.1,462.1,302.0,46.7,259.3,372.4,653.0,426.8
12600.0,296.6,444.9,313.7,42.6,246.1,364.8,642.9,414.1
13500.0,295.4,426.6,291.1,36.1,245.5,353.8,627.0,412.6
14400.0,294.7,430.9,297.5,37.6,234.8,373.1,610.7,403.3
15300.0,295.3,434.9,311.4,39.4,227.1,400.4,612.2,410.3
16200.0,293.5,450.9,309.8,43.6,211.5,394.8,608.4,419.9
17100.0,291.3,461.9,315.5,48.2,234.0,381.9,625.4,435.1
18000.0,288.8,453.9,307.9,52.2,250.0,362.1,629.9,437.6
18900.0,299.6,431.7,307.2,47.4,250.6,365.6,633.3,445.8
19800.0,287.8,425.8,291.7,45.2,271.7,368.4,623.9,441.3
20700.0,276.5,428.3,271.3,45.7,256.5,368.0,623.3,436.6
21600.0,264.1,424.7,286.9,52.3,291.1,377.1,628.4,442.9
22500.0,264.8,416.4,280.8,54.7,270.8,387.4,637.1,440.8
23400.0,269.3,421.0,280.9,55.6,260.1,396.2,634.7,446.7
24300.0,263.1,414.4,271.7,51.8,240.4,398.3,646.8,439.6
25200.0,252.0,407.1,263.6,47.0,234.6,393.2,644.4,436.7
26100.0,242.7,414.1,269.1,47.9,235.9,407.6,651.8,450.7
27000.0,246.7,410.1,268.2,42.9,222.2,414.4,642.9,466.5
27900.0,250.8,415.7,278.5,41.3,238.3,430.0,619.7,462.6
28800.0,252.7,420.9,287.9,40.2,228.4,443.2,625.2,477.1
29700.0,244.7,405.6,294.6,44.4,219.9,433.2,635.7,478.6
30600.0,245.2,401.8,299.4,42.0,194.5,425.3,643.3,486.5
31500.0,244.6,425.5,316.9,33.8,192.4,425.9,648.4,508.1
32400.0,245.0,409.2,305.3,35.6,181.9,423.9,644.0,521.1
33300.0,250.5,382.0,305.5,33.4,165.5,440.4,635.4,532.6
34200.0,250.0,362.4,317.5,33.9,148.8,450.5,645.2,553.9
35100.0,253.2,372.3,329.0,33.8,186.0,466.3,652.8,545.9
36000.0,251.0,380.7,311.9,33.2,173.4,472.3,648.4,536.4
36900.0,250.9,385.8,308.4,35.9,144.6,475.1,665.7,530.7
37800.0,253.5,408.8,322.2,31.2,131.3,486.7,657.5,530.3
38700.0,239.0,373.9,325.3,30.2,129.7,488.5,655.2,508.5
39600.0,235.7,387.2,324.8,33.0,137.3,485.4,681.0,511.1
40500.0,231.6,414.8,318.8,31.5,143.8,494.1,694.8,505.7
41400.0,226.8,400.7,311.8,27.3,151.3,487.0,692.8,513.4
42300.0,225.6,399.1,312.4,30.6,138.0,475.8,699.9,514.8
43200.0,238.7,392.6,307.2,34.8,141.7,460.2,705.2,505.7
44100.0,230.9,382.8,304.7,34.9,126.8,461.6,675.6,509.3
45000.0,238.9,382.2,303.6,29.2,118.4,467.7,673.1,513.1
45900.0,224.4,405.8,294.9,32.5,107.1,459.5,681.7,501.1
46800.0,222.9,431.4,299.4,28.3,94.1,465.9,685.6,493.3
47700.0,225.5,422.4,326.8,30.8,117.3,438.3,696.3,469.3
48600.0,231.1,445.8,303.0,29.3,132.2,433.8,715.9,460.0
49500.0,236.8,439.3,303.7,27.4,149.9,430.1,715.1,455.6
50400.0,242.3,457.5,293.2,28.1,151.9,420.0,705.2,460.1
51300.0,232.1,446.9,297.6,29.6,165.6,442.6,713.2,453.7
52200.0,221.7,440.8,295.8,29.7,140.3,437.3,711.7,452.7
53100.0,222.6,438.7,301.4,33.7,159.4,429.4,708.9,444.7
54000.0,214.2,476.1,310.1,34.2,166.7,427.1,704.0,452.0
54900.0,197.5,475.1,307.6,39.1,180.9,404.9,729.6,460.8
55800.0,183.7,452.2,314.7,41.4,190.6,398.4,696.9,468.1
56700.0,172.9,456.1,286.0,40.6,179.8,410.4,690.8,470.5
57600.0,174.4,440.7,300.8,39.6,164.2,404.4,689.7,457.1
58500.0,172.2,425.7,301.2,36.6,163.9,397.4,679.2,454.9
59400.0,174.0,432.4,308.6,40.0,184.0,412.8,690.1,455.1
60300.0,166.1,425.7,291.8,41.1,203.9,426.1,698.1,455.4
61200.0,163.4,423.5,281.5,36.1,190.8,429.2,694.5,460.5
62100.0,164.4,417.8,282.5,37.4,186.1,422.1,688.7,478.3
63000.0,157.2,417.6,281.7,37.5,186.4,418.2,685.7,487.3
63900.0,156.9,418.6,284.2,44.9,192.5,409.2,683.2,477.0
64800.0,147.2,386.4,294.4,41.4,182.7,399.6,681.4,484.9
65700.0,141.1,395.6,274.7,39.1,173.4,390.9,678.5,491.2
66600.0,135.4,380.4,285.5,44.7,174.4,387.7,681.4,482.1
67500.0,123.9,361.2,285.3,50.1,188.7,380.8,689.9,490.9
68400.0,127.3,364.4,283.3,48.3,181.7,369.7,673.3,488.3
69300.0,122.5,369.3,269.3,46.5,186.4,377.9,661.4,473.6
70200.0,122.1,362.8,277.5,48.6,207.1,385.1,642.9,479.8
71100.0,125.5,379.0,255.9,41.4,188.4,405.8,658.5,482.7
72000.0,128.2,362.7,268.7,36.6,188.2,399.7,664.4,480.6
72900.0,132.3,362.4,258.8,37.1,205.8,404.1,672.5,480.8
73800.0,129.8,360.1,266.7,42.9,198.6,407.9,656.1,474.2
74700.0,125.3,366.3,272.5,41.8,189.7,405.5,680.7,481.8
75600.0,124.5,376.8,291.1,42.5,207.9,413.4,672.8,481.7
76500.0,111.3,368.5,294.4,46.1,201.0,418.4,675.4,479.9
77400.0,102.5,386.5,293.0,52.1,216.2,417.9,685.9,479.6
78300.0,96.6,393.4,294.5,49.1,218.8,411.3,672.6,463.7
79200.0,94.8,372.8,314.4,48.3,209.3,404.3,666.6,452.3
80100.0,105.2,355.4,324.7,53.1,213.6,388.0,670.1,428.8
81000.0,104.4,368.9,324.9,47.2,214.8,379.5,705.2,436.2
81900.0,109.0,378.3,327.0,49.8,226.3,373.8,704.4,424.1
82800.0,127.4,389.0,315.8,45.9,212.6,363.6,719.2,426.9
83700.0,131.1,399.9,326.0,46.0,209.7,370.4,727.1,431.2
84600.0,144.3,413.5,313.1,45.0,205.6,383.5,723.6,436.7
85500.0,143.7,435.8,327.0,42.1,213.7,373.3,704.3,423.0
86400.0,150.5,426.3,332.2,39.5,194.5,376.3,712.5,422.3
87300.0,152.4,416.9,358.7,41.1,209.5,365.7,689.9,438.3
88200.0,160.6,410.0,345.6,44.6,214.1,363.8,708.0,452.1
89100.0,178.7,423.3,343.8,44.2,191.3,358.1,703.4,456.1
90000.0,175.2,447.8,360.6,44.5,209.8,366.1,664.9,452.8
90900.0,191.1,444.6,366.7,46.2,241.0,360.0,659.5,436.2
91800.0,204.4,412.5,352.1,43.1,249.0,371.6,666.6,439.1
92700.0,210.3,395.8,348.1,45.5,262.3,368.8,661.6,432.7
93600.0,209.6,393.2,341.7,47.8,253.4,362.3,668.4,434.2
94500.0,221.9,392.0,338.5,55.2,219.8,350.7,655.2,423.4
95400.0,228.2,392.2,325.5,52.5,188.4,355.9,638.2,418.8
96300.0,240.1,397.8,320.2,49.9,193.3,366.7,638.4,418.1
97200.0,248.7,396.9,300.3,51.4,184.8,369.7,639.5,418.4
98100.0,268.7,414.6,300.5,52.9,172.7,391.9,635.7,421.2
99000.0,270.9,404.9,303.7,50.0,175.2,402.8,651.2,412.8
99900.0,266.3,393.7,299.6,48.0,187.6,394.8,639.3,398.3
100800.0,271.8,402.6,282.2,49.1,167.1,388.1,643.1,415.7
101700.0,271.1,381.6,293.4,45.9,164.8,390.4,643.2,439.5
102600.0,278.6,390.6,296.7,44.5,192.2,379.5,623.7,439.6
103500.0,279.9,394.0,288.7,44.8,176.7,390.6,610.0,422.3
104400.0,276.3,393.3,286.4,47.8,192.8,392.4,614.3,413.6
105300.0,281.5,417.0,272.2,45.0,181.2,393.3,641.6,419.6
106200.0,264.2,406.0,264.9,38.9,186.0,398.9,648.1,433.7
107100.0,253.5,434.2,263.7,33.4,197.6,414.6,626.0,420.9
108000.0,241.9,426.1,280.2,30.7,201.5,413.2,590.7,421.8
108900.0,236.1,404.4,275.6,28.1,206.7,410.0,606.9,426.7
109800.0,223.2,404.8,284.5,29.4,179.6,424.3,611.0,438.7
110700.0,228.3,389.0,280.3,27.3,189.9,432.1,629.5,437.9
111600.0,225.8,380.0,284.5,26.9,168.6,426.8,621.2,426.3
112500.0,213.8,388.4,284.2,26.3,166.6,426.7,629.3,439.6
113400.0,207.4,397.6,294.0,26.8,164.4,429.5,642.4,457.2
114300.0,212.6,388.8,288.3,32.4,165.5,434.7,638.5,461.4
115200.0,221.4,403.8,273.0,35.1,163.7,422.9,635.8,471.1
116100.0,238.2,418.8,261.9,35.5,144.1,411.9,639.5,471.7
117000.0,259.9,435.4,260.9,34.4,119.5,409.8,649.4,469.4
117900.0,258.5,436.6,252.9,33.4,131.6,407.9,651.8,487.2
118800.0,246.1,449.2,262.6,34.9,131.2,409.9,666.5,496.5
119700.0,226.5,414.4,262.1,36.9,145.2,424.7,662.6,506.0
120600.0,229.1,406.6,290.0,34.1,138.9,429.2,649.7,524.4
121500.0,222.7,392.1,272.6,34.5,113.1,436.5,679.5,514.6
122400.0,220.5,393.5,277.2,28.7,126.5,428.1,674.9,511.2
123300.0,217.2,384.9,267.7,30.4,117.9,428.1,672.6,515.2
124200.0,218.1,383.1,266.0,33.6,121.2,438.0,677.9,511.0
125100.0,228.5,410.2,270.8,33.1,109.2,445.8,685.3,520.5
126000.0,230.2,404.3,250.2,39.0,133.4,438.6,687.4,518.4
126900.0,229.1,407.4,256.9,36.0,116.4,438.6,694.8,504.2
127800.0,221.2,400.9,279.0,36.7,110.2,458.1,702.1,501.7
128700.0,209.4,399.5,274.0,36.5,111.8,451.6,712.1,499.7
129600.0,208.9,397.2,276.6,36.3,95.5,438.5,691.2,504.9
130500.0,212.0,399.1,286.3,36.0,103.4,432.0,725.2,503.2
131400.0,229.2,410.3,282.4,36.6,129.8,428.6,730.5,501.9
132300.0,230.8,426.1,274.7,39.3,121.2,422.9,744.4,498.9
133200.0,239.0,420.4,251.1,43.3,127.9,419.0,733.2,490.9
134100.0,234.1,419.0,259.9,42.6,87.0,401.3,734.8,478.6
135000.0,224.5,393.1,259.7,44.6,93.8,390.9,733.8,478.0
135900.0,218.1,385.5,250.4,41.9,96.4,390.2,758.8,471.3
136800.0,214.6,393.1,253.7,44.1,92.0,389.5,755.3,485.7
137700.0,229.0,398.1,249.2,41.6,118.0,384.8,768.3,494.4
138600.0,216.7,392.9,245.8,45.2,120.1,384.8,762.2,494.7
139500.0,218.8,397.5,254.2,51.8,125.5,387.2,756.0,492.5
140400.0,205.9,395.6,241.7,50.6,128.5,397.7,752.5,485.9
141300.0,208.9,403.6,254.9,43.6,109.4,396.7,767.4,468.6
142200.0,206.4,397.3,241.5,42.7,106.4,400.9,741.5,464.4
143100.0,199.2,382.7,237.4,47.6,136.8,395.1,726.0,463.9
144000.0,193.5,379.7,259.7,49.9,117.9,401.3,704.9,464.8
144900.0,183.0,331.1,270.6,51.1,123.3,404.6,697.2,467.9
145800.0,182.4,336.1,269.6,54.6,134.7,412.4,693.8,475.0
146700.0,174.1,283.6,258.3,56.0,177.6,417.5,681.3,464.9
147600.0,160.4,265.8,252.9,59.6,200.4,420.5,681.3,456.4
148500.0,147.9,280.9,254.2,61.8,200.6,416.3,666.0,470.4
149400.0,148.5,294.0,255.1,65.5,229.3,416.1,665.2,475.5
150300.0,159.9,282.1,254.6,65.1,223.5,424.1,691.2,468.1
151200.0,157.9,278.2,254.9,66.4,244.9,413.7,704.0,464.6
152100.0,153.7,303.9,253.4,63.8,227.8,405.1,712.5,461.6
153000.0,153.2,299.8,240.1,60.6,249.7,405.9,705.6,460.4
153900.0,160.7,334.5,238.2,64.7,246.0,408.9,693.5,463.7
154800.0,158.3,332.6,251.2,63.6,233.5,399.0,688.2,487.0
155700.0,151.2,336.8,239.8,63.8,229.8,398.1,697.0,483.4
156600.0,157.2,357.4,242.4,61.9,233.3,397.2,715.6,484.9
157500.0,156.9,354.3,238.7,57.9,224.0,375.1,732.0,462.7
158400.0,165.7,336.1,245.5,56.2,231.1,376.3,742.9,455.8
159300.0,162.5,333.4,246.9,58.9,219.6,377.9,735.8,466.9
160200.0,148.7,332.5,267.6,58.4,227.4,379.2,739.1,468.1
161100.0,136.1,313.6,276.2,51.2,231.1,396.1,737.9,421.1
162000.0,149.9,313.6,266.3,49.5,226.4,384.1,738.5,431.7
162900.0,162.7,307.4,278.5,54.0,216.6,375.8,766.0,449.2
163800.0,158.8,326.2,275.4,51.8,217.1,350.7,743.9,424.3
164700.0,154.5,330.5,275.6,45.2,223.5,350.2,743.6,437.7
165600.0,166.3,330.5,285.5,50.6,251.6,350.5,760.9,405.5
166500.0,156.6,333.8,286.6,51.6,258.7,349.2,743.5,414.7
167400.0,151.1,342.1,302.0,50.2,265.4,364.1,738.8,412.4
168300.0,159.7,355.5,298.9,48.2,302.9,374.0,736.3,386.6
169200.0,159.9,345.1,298.1,50.8,296.3,374.3,737.9,392.0
170100.0,164.5,336.3,297.2,48.1,290.3,369.9,723.0,403.2
171000.0,168.6,359.6,297.3,51.0,288.5,379.8,736.8,404.3
171900.0,177.6,358.6,313.7,51.6,261.4,377.7,749.5,407.0
172800.0,195.5,344.0,322.6,51.2,246.9,367.6,758.5,399.0
173700.0,201.8,358.6,340.9,50.6,234.4,349.9,749.2,377.8
174600.0,213.3,371.4,361.5,49.1,241.3,347.5,752.8,385.2
175500.0,203.3,354.4,345.4,51.4,234.9,357.3,740.7,401.7
176400.0,212.4,364.3,342.0,47.7,234.4,380.6,736.8,409.4
177300.0,215.4,379.6,324.7,42.3,248.3,378.2,762.8,384.6
178200.0,216.3,387.1,313.1,44.4,256.9,367.8,759.9,368.1
179100.0,221.1,396.6,304.0,46.2,248.9,354.7,741.6,360.6
180000.0,230.5,375.8,291.4,47.3,234.7,360.9,742.0,346.7
180900.0,249.4,379.6,280.2,48.0,249.8,342.9,723.6,351.3
181800.0,248.1,373.3,279.3,46.4,257.4,350.8,709.5,358.7
182700.0,258.3,364.6,267.5,48.3,228.2,360.1,699.1,346.7
183600.0,263.1,375.7,277.9,47.5,223.0,364.3,697.0,358.7
184500.0,268.4,393.0,268.9,45.5,225.9,361.3,711.6,367.3
185400.0,283.6,411.8,298.6,44.2,237.6,366.7,719.4,363.3
186300.0,292.6,420.7,291.1,50.2,249.7,367.5,725.2,363.9
187200.0,306.4,408.1,290.1,44.0,250.8,358.8,710.4,346.9
188100.0,300.4,403.7,275.6,45.4,256.3,377.9,704.3,348.9
189000.0,290.1,405.7,293.4,40.1,253.3,372.4,708.8,354.5
189900.0,284.2,398.3,302.8,40.3,239.8,379.2,701.6,361.3
190800.0,282.1,392.1,302.7,39.4,234.7,353.5,699.6,369.8
191700.0,279.2,396.6,286.2,33.3,229.6,369.1,706.5,376.3
192600.0,266.1,388.2,287.9,35.4,223.9,384.7,702.8,377.5
193500.0,264.0,371.6,276.0,34.9,190.7,384.3,706.6,384.9
194400.0,263.0,362.0,291.9,29.2,184.2,389.9,726.2,399.3
195300.0,280.3,368.6,298.9,33.1,185.0,395.5,721.8,401.7
196200.0,289.9,365.4,297.8,38.1,180.0,389.1,734.3,409.0
197100.0,276.1,367.4,271.6,42.5,175.8,396.6,737.7,411.4
198000.0,269.0,373.8,263.9,42.8,182.8,390.4,716.4,410.2
198900.0,253.7,364.6,274.1,42.1,164.8,388.3,702.8,422.3
199800.0,247.7,372.7,288.1,45.2,140.9,404.9,694.8,423.2
200700.0,250.0,374.3,299.0,48.9,139.4,418.5,688.1,434.7
201600.0,259.2,353.0,281.3,50.3,154.5,414.3,691.9,442.3
202500.0,251.6,372.4,285.2,45.3,180.8,411.3,704.0,446.6
203400.0,245.9,361.8,295.7,44.4,189.4,410.5,722.5,451.2
204300.0,229.2,336.5,278.0,44.3,162.7,424.2,727.4,454.2
205200.0,230.9,323.6,279.4,37.5,158.4,418.9,723.2,446.2
206100.0,225.3,312.9,283.5,38.4,161.9,428.2,700.7,460.3
207000.0,224.9,318.9,281.2,44.7,163.6,440.0,708.3,471.1
207900.0,221.8,319.4,263.8,45.0,170.5,441.5,715.1,486.6
208800.0,225.4,319.0,264.4,47.8,154.4,453.5,723.8,486.1
209700.0,215.3,332.0,264.8,46.3,155.6,450.0,755.3,509.7
210600.0,209.1,339.1,267.0,44.2,162.0,447.3,772.9,506.8
211500.0,232.6,344.8,264.8,43.8,173.7,436.8,783.5,499.0
212400.0,225.3,351.0,264.2,39.9,159.3,447.0,772.7,490.9
213300.0,220.6,359.1,266.3,36.1,154.2,435.3,770.1,472.3
214200.0,240.2,327.9,272.7,39.6,114.9,435.5,774.1,488.3
215100.0,265.4,325.7,270.6,42.9,113.0,430.6,770.4,499.4
216000.0,254.2,298.5,267.5,38.7,113.3,415.9,783.4,500.5
216900.0,251.2,304.1,269.8,41.0,106.6,407.2,793.7,485.8
217800.0,254.4,308.0,251.5,39.8,119.2,419.2,785.7,500.0
218700.0,268.2,325.6,259.7,40.2,127.3,417.2,806.9,490.1
219600.0,258.2,342.3,261.8,40.9,101.9,403.1,812.1,482.2
220500.0,255.7,342.4,263.9,43.2,118.2,404.1,794.7,492.4
221400.0,261.9,332.4,274.8,42.6,115.8,400.3,800.2,493.2
222300.0,264.3,337.3,254.8,46.1,136.0,433.0,808.7,509.4
223200.0,260.0,327.1,237.4,45.9,127.9,429.2,824.1,503.6
224100.0,252.7,325.5,245.1,46.9,141.8,419.2,821.3,492.3
225000.0,235.7,337.7,248.8,43.5,150.4,428.9,832.6,480.7
225900.0,229.7,326.3,253.6,49.8,167.8,404.5,830.9,458.5
226800.0,223.6,335.4,251.3,50.2,181.5,403.2,810.7,455.5
227700.0,221.6,341.2,260.6,51.6,189.0,421.2,791.8,467.3
228600.0,213.0,323.1,271.1,45.9,177.7,415.4,805.5,471.9
229500.0,213.2,334.6,275.6,43.7,170.6,394.3,817.6,470.1
230400.0,217.1,340.3,272.0,48.2,179.5,389.9,817.1,458.6
231300.0,212.9,336.7,250.4,49.3,197.1,404.6,830.4,461.0
232200.0,210.4,321.4,260.9,43.8,204.5,406.3,836.3,471.0
233100.0,205.3,307.0,274.4,48.1,230.4,395.7,836.8,473.8
234000.0,200.1,299.2,280.1,47.2,239.9,388.2,818.0,473.5
234900.0,189.5,307.6,269.9,52.2,238.6,383.0,833.7,463.7
235800.0,188.4,293.8,276.8,52.1,248.4,387.9,832.8,472.1
236700.0,183.8,301.6,284.7,52.8,264.9,401.8,821.1,439.2
237600.0,197.1,284.7,298.5,56.2,280.7,410.7,807.8,446.5
238500.0,203.9,284.9,286.1,52.9,317.6,412.3,807.7,474.5
239400.0,200.1,289.6,282.4,49.6,310.9,395.8,784.6,457.7
240300.0,187.4,326.4,289.2,49.2,314.2,381.8,793.6,456.0
241200.0,173.8,304.3,288.5,51.7,324.4,388.5,781.4,457.0
242100.0,180.5,325.6,276.5,46.8,321.4,375.4,787.1,453.3
243000.0,178.9,325.5,282.2,41.5,310.9,375.5,781.2,465.2
243900.0,179.2,329.3,289.2,44.3,285.7,380.8,779.5,469.7
244800.0,161.8,328.8,290.9,42.2,279.2,370.9,772.1,470.3
245700.0,168.6,333.4,294.5,41.0,264.9,363.6,773.1,477.4
246600.0,170.8,329.5,293.5,35.5,242.6,366.7,798.6,475.6
247500.0,160.4,349.2,310.9,34.2,237.4,375.3,814.2,505.8
248400.0,157.1,339.8,302.9,35.1,229.1,388.2,815.3,501.1
249300.0,160.6,354.9,300.2,38.7,246.4,392.6,811.6,493.7
250200.0,162.4,343.6,304.8,36.5,261.5,390.8,819.0,467.9
251100.0,161.8,343.1,318.4,42.0,251.8,380.7,828.8,457.0
252000.0,163.5,329.4,307.1,39.6,253.4,368.6,813.6,464.2
252900.0,164.6,340.1,300.1,37.6,230.9,363.6,809.8,445.0
253800.0,169.7,364.1,287.7,42.6,232.4,368.4,785.6,419.9
254700.0,185.7,364.1,298.3,42.8,247.4,371.4,800.5,420.1
255600.0,168.2,363.3,296.2,40.7,266.6,349.4,824.5,433.2
256500.0,173.2,350.7,302.0,40.1,260.1,343.6,821.1,430.6
257400.0,182.3,353.1,317.3,44.2,281.3,358.3,791.9,424.3
258300.0,192.5,336.6,317.1,48.0,260.9,359.4,799.8,403.3
259200.0,197.4,332.6,325.4,44.3,247.8,345.1,788.5,408.2
260100.0,191.5,345.4,326.7,43.6,266.5,370.5,781.9,414.0
261000.0,204.7,371.7,336.9,43.4,297.0,368.0,791.9,394.2
261900.0,228.7,414.9,343.0,40.0,305.4,369.8,792.7,406.2
262800.0,224.6,403.8,335.9,39.9,304.8,371.4,783.9,412.5
263700.0,241.7,422.5,333.0,40.0,272.1,364.9,774.2,421.3
264600.0,248.0,421.2,341.9,43.5,247.1,355.7,774.8,423.1
265500.0,256.6,414.2,342.2,46.7,258.3,376.2,768.5,425.2
266400.0,257.0,415.9,324.0,44.8,260.7,382.5,754.4,425.5
267300.0,263.8,409.5,328.4,43.5,251.7,385.9,751.4,429.2
268200.0,283.1,403.9,314.4,45.1,261.8,386.3,756.6,405.5
269100.0,294.1,391.2,327.1,42.6,271.4,370.8,754.5,388.5
270000.0,312.8,366.0,333.9,44.1,292.1,380.5,737.6,381.7
270900.0,324.1,342.0,332.1,43.3,297.7,367.5,751.8,382.2
271800.0,327.7,351.9,329.3,40.0,319.1,367.8,718.8,387.8
272700.0,340.9,347.0,323.2,37.2,319.1,349.0,718.2,392.2
273600.0,341.4,338.1,326.9,42.1,317.4,329.1,715.3,404.1
274500.0,339.0,338.9,319.7,41.4,333.9,335.9,722.0,414.8
275400.0,326.9,350.4,319.7,46.2,317.4,330.7,732.4,404.1
276300.0,318.5,351.6,326.2,43.8,360.5,314.7,748.0,406.6
277200.0,304.4,340.9,317.4,44.2,360.7,326.8,739.1,398.3
278100.0,305.2,358.2,309.6,50.4,356.1,353.4,747.0,398.5
279000.0,287.8,377.9,297.2,45.3,353.8,369.1,749.1,404.5
279900.0,288.3,379.5,288.1,38.3,371.5,366.6,728.0,373.2
280800.0,280.5,387.6,272.7,41.9,369.8,367.9,753.4,405.6
281700.0,284.5,398.3,285.4,38.5,331.9,378.5,735.1,415.8
282600.0,284.4,405.9,307.0,38.0,344.4,390.8,741.9,414.0
283500.0,292.7,405.1,321.5,35.8,328.3,387.5,747.4,438.9
284400.0,291.0,404.3,303.5,36.5,321.0,389.6,751.0,438.6
285300.0,271.1,402.5,311.7,33.4,293.5,395.0,745.0,444.5
286200.0,266.2,378.4,325.6,33.0,296.9,403.2,756.1,444.7
287100.0,253.2,383.1,318.8,34.5,281.8,404.4,737.2,467.6
288000.0,247.4,358.2,318.6,31.3,280.0,406.5,739.4,470.8
288900.0,258.7,345.0,297.3,29.5,272.4,424.2,735.8,477.3
289800.0,261.3,363.1,302.1,29.1,298.9,438.2,731.9,494.4
290700.0,252.8,372.0,292.9,25.4,322.1,443.5,742.4,503.7
291600.0,243.0,388.7,297.7,25.2,312.6,460.7,759.9,505.9
292500.0,243.0,378.2,284.2,26.7,304.7,454.6,758.4,520.0
293400.0,233.0,356.9,293.8,26.4,291.4,469.4,771.5,546.6
294300.0,228.8,351.6,306.9,26.5,302.3,471.1,774.8,547.1
295200.0,233.1,351.9,299.9,27.3,290.1,499.4,767.3,545.6
296100.0,243.3,351.8,290.5,26.1,278.4,478.3,769.6,544.6
297000.0,247.6,366.5,272.3,29.1,289.6,464.8,772.3,554.9
297900.0,228.0,358.0,275.9,33.9,276.6,463.7,771.0,544.2
298800.0,232.1,360.8,275.7,32.3,273.2,461.8,784.6,537.9
299700.0,233.5,344.4,264.5,33.8,247.5,473.1,795.0,515.6
300600.0,237.5,350.6,274.9,32.9,260.3,455.6,783.1,499.3
301500.0,250.3,349.6,274.5,34.0,290.1,455.5,773.4,491.3
302400.0,231.8,338.2,267.8,38.6,297.6,457.3,791.0,488.3
303300.0,227.7,333.4,267.1,39.3,315.7,453.5,791.9,503.4
304200.0,233.6,329.8,282.7,33.2,297.0,433.1,806.8,503.4
305100.0,221.2,325.1,291.1,34.7,298.0,439.1,825.8,488.5
306000.0,235.0,349.5,290.8,38.4,282.0,442.1,817.6,477.5
306900.0,237.8,343.7,297.9,37.2,280.0,438.1,809.3,488.9
307800.0,243.9,336.4,286.0,40.0,294.2,430.7,839.3,496.0
308700.0,237.7,304.0,287.7,37.5,297.4,424.5,848.8,491.1
309600.0,243.5,293.0,290.3,33.1,278.5,416.1,847.6,482.2
310500.0,244.7,292.2,286.2,34.4,265.2,416.3,840.1,490.3
311400.0,238.2,285.4,291.7,30.0,254.3,410.3,838.7,476.1
312300.0,231.7,308.3,284.1,31.0,274.6,396.5,825.7,477.9
313200.0,225.7,305.9,290.6,36.6,317.0,382.8,838.8,498.4
314100.0,210.7,324.1,296.4,32.0,344.1,374.2,829.5,495.2
315000.0,202.8,322.1,266.7,30.2,319.9,376.6,843.4,482.7
315900.0,195.3,320.0,282.5,29.6,350.7,376.2,836.9,484.0
316800.0,192.5,316.2,253.5,32.2,371.2,378.3,823.3,476.3
317700.0,194.3,314.2,253.3,33.7,352.9,383.0,818.9,460.6
318600.0,178.8,336.4,269.5,40.4,357.3,375.6,788.7,468.2
319500.0,172.3,298.6,269.9,44.9,383.3,390.3,792.9,478.8
320400.0,179.2,270.9,258.8,47.5,398.3,385.5,795.9,473.6
321300.0,166.6,267.7,253.2,48.6,384.1,379.7,810.5,468.5
322200.0,154.8,272.8,269.7,50.4,401.5,383.9,790.4,458.4
323100.0,152.5,286.6,254.5,48.1,375.7,364.3,810.0,457.9
324000.0,155.2,295.3,272.2,51.3,382.8,358.0,822.6,453.3
324900.0,150.5,290.8,275.6,48.0,409.5,370.4,838.7,444.9
325800.0,156.7,306.6,267.3,51.0,415.6,353.7,836.9,466.9
326700.0,158.0,320.4,266.7,54.4,413.1,368.0,848.2,471.2
327600.0,158.7,320.4,262.2,54.3,431.8,384.1,828.2,476.0
328500.0,156.8,331.5,277.7,52.5,444.0,378.9,837.5,483.2
329400.0,169.3,331.5,290.0,52.6,458.7,381.1,827.7,488.1
330300.0,159.5,320.1,276.5,42.7,464.1,391.3,808.9,480.5
331200.0,136.9,328.4,278.8,43.6,471.3,384.0,799.3,480.9
332100.0,146.5,327.7,277.0,43.0,471.8,391.1,804.8,475.8
333000.0,138.4,326.1,297.8,42.7,465.0,381.7,799.7,478.5
333900.0,136.1,345.8,289.9,44.5,456.3,375.7,809.7,479.9
334800.0,144.1,308.4,313.7,43.7,444.0,367.3,792.2,473.8
335700.0,127.9,291.7,318.5,39.8,418.9,369.6,773.5,455.2
336600.0,117.3,281.6,312.3,39.5,401.5,379.4,799.7,453.6
337500.0,106.1,285.5,312.9,39.8,397.0,374.0,816.4,448.2
338400.0,103.6,291.2,313.0,40.3,401.2,358.2,807.2,426.2
339300.0,112.0,279.4,309.1,40.8,422.9,346.4,812.1,430.9
340200.0,120.7,277.7,320.3,43.8,419.4,350.8,828.5,439.0
341100.0,127.1,279.0,317.1,40.1,432.4,368.8,835.4,461.0
342000.0,120.1,327.5,305.2,40.7,444.7,369.4,838.0,450.0
342900.0,108.2,360.3,313.3,44.6,435.8,361.8,851.7,438.8
343800.0,118.3,358.0,305.9,38.8,440.9,366.6,841.5,423.1
344700.0,124.1,357.2,310.0,39.7,432.8,360.4,842.1,422.6
345600.0,138.0,346.1,311.6,38.1,449.7,353.6,842.0,421.7
346500.0,153.5,327.4,312.6,37.7,453.3,341.7,838.8,410.8
347400.0,163.8,336.9,341.5,35.7,429.1,355.0,834.7,407.7
348300.0,179.1,332.8,346.0,36.3,429.0,326.7,833.4,386.8
349200.0,189.4,342.1,351.0,42.9,451.2,335.8,831.4,397.9
350100.0,202.1,328.7,333.0,39.2,442.8,330.8,816.3,390.3
351000.0,204.3,328.8,328.0,36.4,445.1,326.9,825.3,391.0
351900.0,211.6,341.3,331.7,33.6,448.7,344.5,811.1,377.6
352800.0,221.7,354.7,321.8,40.4,428.1,335.3,807.8,374.6
353700.0,236.1,364.3,332.1,39.6,433.9,327.8,803.7,375.0
354600.0,239.1,347.5,319.3,40.3,410.3,326.8,807.6,378.2
355500.0,249.3,363.2,317.2,39.8,401.9,331.4,780.9,385.8
356400.0,251.8,352.9,312.2,37.8,420.3,326.7,794.1,401.9
357300.0,255.1,363.9,315.2,38.2,425.3,311.5,786.1,408.8
358200.0,265.4,364.0,309.7,46.7,419.7,305.6,801.9,417.1
359100.0,251.2,344.8,308.6,50.8,426.3,322.2,794.6,429.2
360000.0,244.5,343.3,308.1,47.5,424.4,324.3,793.4,431.1
360900.0,231.4,351.5,302.7,49.3,423.9,330.0,815.7,427.0
361800.0,212.5,362.1,310.3,46.4,433.3,328.0,808.3,434.4
362700.0,208.6,360.7,314.4,41.1,420.6,322.5,820.0,441.8
363600.0,215.9,383.0,314.6,45.1,421.3,341.6,815.4,444.4
364500.0,213.1,394.9,311.5,48.4,411.8,339.6,816.0,426.3
365400.0,213.9,387.6,321.1,50.9,383.9,335.8,812.3,417.9
366300.0,221.3,395.6,319.1,48.5,369.5,348.6,818.4,417.2
367200.0,229.2,419.2,316.6,47.3,394.0,342.0,805.3,428.2
368100.0,224.4,439.9,318.7,48.9,396.5,338.4,790.6,430.6
369000.0,231.6,413.1,336.4,49.3,372.4,342.2,782.3,445.5
369900.0,227.5,394.7,321.1,47.2,348.1,346.3,784.3,461.2
370800.0,216.6,413.1,329.2,41.7,348.4,353.4,782.3,474.7
371700.0,209.2,393.3,309.4,42.3,373.2,378.8,792.0,487.6
372600.0,195.9,372.9,313.7,45.6,367.7,383.9,807.6,477.7
373500.0,189.3,367.5,331.0,41.6,385.0,362.1,793.8,485.8
374400.0,188.0,375.8,334.8,43.7,385.0,371.6,785.3,483.1
375300.0,196.2,375.7,334.8,44.6,386.4,377.6,770.1,471.7
376200.0,210.5,368.1,327.5,46.5,360.2,383.5,799.3,476.8
377100.0,197.9,361.5,327.2,48.6,371.8,391.1,803.9,498.2
378000.0,201.3,355.6,324.2,45.6,362.3,395.3,810.7,508.5
378900.0,192.8,348.3,316.2,40.4,372.0,398.7,795.3,533.5
379800.0,197.6,386.6,314.4,39.2,355.0,408.3,799.1,536.7
380700.0,196.9,391.5,317.7,42.4,355.3,404.7,809.3,562.3
381600.0,182.6,404.1,310.9,41.0,358.1,397.2,809.9,561.5
382500.0,192.5,395.7,304.7,39.3,353.0,430.0,827.4,559.0
383400.0,188.6,393.0,293.9,34.5,357.0,419.8,858.3,543.7
384300.0,185.8,383.5,302.2,41.1,350.4,418.6,846.5,554.3
385200.0,179.1,348.4,310.8,44.1,339.3,400.9,836.9,546.9
386100.0,176.7,336.6,313.6,46.5,363.8,399.3,831.5,534.8
387000.0,183.3,320.7,323.0,49.1,376.5,386.5,857.9,543.0
387900.0,183.9,301.2,322.1,50.3,360.5,379.6,874.7,547.9
388800.0,188.4,299.5,324.1,48.9,367.2,387.8,875.7,551.1
389700.0,192.6,331.3,324.8,48.0,353.7,388.4,879.5,538.4
390600.0,203.7,339.0,321.2,46.5,336.1,389.3,873.1,530.2
391500.0,199.8,364.1,313.6,54.6,355.0,366.2,888.7,522.8
392400.0,187.3,373.0,334.4,55.3,330.7,382.4,887.1,524.8
393300.0,197.0,385.6,325.3,53.0,350.3,365.6,887.3,534.0
394200.0,194.1,372.6,315.2,53.9,350.2,378.4,898.0,529.9
395100.0,203.1,381.4,317.5,50.5,351.6,384.1,897.4,542.6
396000.0,204.8,391.7,317.5,55.3,363.3,384.5,896.2,542.6
396900.0,196.5,382.0,300.8,53.0,377.0,370.5,897.9,531.4
397800.0,192.4,389.7,311.8,54.8,368.8,368.7,908.5,532.6
398700.0,200.9,396.2,308.8,58.3,386.3,360.9,924.1,542.6
399600.0,208.3,386.1,296.1,59.4,393.7,359.4,924.0,554.1
400500.0,197.7,369.4,308.1,59.7,380.9,355.3,925.8,555.9
401400.0,188.7,354.4,312.7,60.0,387.8,333.9,914.7,545.9
402300.0,187.6,359.5,297.6,60.3,418.5,347.4,898.8,535.1
403200.0,170.5,367.2,315.2,59.2,450.5,346.8,901.2,534.0
404100.0,164.8,358.1,318.9,58.8,464.8,342.3,897.2,544.1
405000.0,156.4,361.9,315.3,64.5,449.5,337.6,874.5,540.3
405900.0,151.4,372.8,328.3,64.8,462.9,342.8,868.2,537.4
406800.0,137.4,382.9,325.1,63.1,480.8,334.7,865.7,531.0
407700.0,118.9,404.7,320.5,62.5,494.8,314.2,858.5,521.8
408600.0,98.8,419.5,310.3,67.0,508.3,323.3,876.4,515.7
409500.0,89.0,400.4,314.2,69.5,513.9,332.1,879.6,513.6
410400.0,85.5,421.9,316.6,71.3,512.4,332.4,893.2,527.7
411300.0,83.5,409.5,314.1,70.3,503.3,323.1,891.5,520.1
412200.0,99.3,421.2,304.2,71.9,476.2,327.5,888.0,516.6
413100.0,105.9,417.8,305.2,69.5,486.8,315.7,872.8,504.6
414000.0,94.7,408.5,304.4,68.6,493.4,309.9,871.5,510.2
414900.0,95.6,381.4,291.5,71.0,499.5,307.8,870.4,521.6
415800.0,90.2,381.7,279.6,72.6,475.5,321.9,853.0,533.8
416700.0,86.5,363.0,290.3,68.3,484.2,321.7,848.3,530.1
417600.0,87.2,383.0,268.4,64.9,512.1,320.7,846.9,530.7
418500.0,91.3,408.3,278.6,64.8,505.7,343.8,854.6,524.0
419400.0,87.2,398.1,281.1,69.5,497.8,347.4,861.8,525.1
420300.0,95.2,405.6,302.0,62.6,496.4,350.2,855.4,524.0
421200.0,84.7,398.4,302.6,63.2,520.8,345.5,862.7,520.6
422100.0,85.2,394.5,315.6,58.8,495.7,337.2,861.1,514.6
423000.0,106.9,411.9,317.1,57.3,492.8,313.9,827.5,512.1
423900.0,106.8,416.3,324.3,56.9,475.3,325.4,827.7,502.1
424800.0,117.1,446.1,337.5,56.4,464.3,329.6,846.6,493.5
425700.0,115.8,441.4,337.5,55.7,462.5,326.6,829.6,505.3
426600.0,119.5,459.3,352.8,56.7,482.1,324.1,836.7,524.9
427500.0,118.5,463.1,346.3,56.1,505.7,330.5,860.5,501.9
428400.0,117.9,477.1,354.1,52.7,505.7,312.7,852.6,481.5
429300.0,113.7,472.7,367.1,56.7,493.4,307.0,855.1,466.7
430200.0,121.2,475.4,375.5,60.0,526.1,296.4,841.6,462.3
431100.0,118.8,477.5,395.0,63.2,510.3,316.2,865.3,468.3
432000.0,130.4,469.9,384.4,58.7,494.8,323.9,865.0,470.0
432900.0,145.6,484.2,368.6,60.4,463.4,299.3,866.7,466.4
433800.0,154.4,496.5,358.4,62.9,484.2,285.2,884.0,466.5
434700.0,158.4,506.2,365.7,59.9,495.6,286.7,887.1,454.1
435600.0,169.3,527.5,369.5,60.6,527.1,284.5,870.9,447.8
436500.0,174.0,544.2,366.7,60.7,496.7,273.9,859.4,444.5
437400.0,189.3,532.6,351.2,66.8,513.7,297.5,863.1,425.8
438300.0,181.4,532.8,356.1,72.1,507.4,301.1,852.4,413.9
439200.0,187.7,518.7,339.7,66.0,513.0,305.6,825.0,404.1
440100.0,180.6,513.1,349.0,73.2,481.1,297.8,826.2,414.5
441000.0,179.1,498.9,373.4,69.1,500.7,305.1,809.9,418.1
441900.0,201.1,517.4,368.9,71.4,507.2,300.4,832.8,424.8
442800.0,216.3,515.0,366.9,73.2,500.3,297.2,834.8,406.0
443700.0,216.2,504.3,354.3,69.0,504.8,303.5,823.2,393.7
444600.0,209.9,514.7,330.3,69.8,487.5,286.5,815.7,404.8
445500.0,192.6,476.2,322.0,68.7,475.6,304.4,794.8,379.9
446400.0,197.0,445.5,309.9,69.8,467.3,305.5,786.4,399.1
447300.0,218.7,458.7,296.2,69.7,439.4,317.6,804.5,385.1
448200.0,220.2,459.7,316.3,72.6,456.4,304.6,834.3,400.3
449100.0,212.6,463.2,318.8,71.7,475.8,295.3,841.6,396.3
450000.0,213.6,444.2,322.2,70.2,464.0,285.3,837.9,412.7
450900.0,197.5,446.4,318.2,72.3,464.7,291.3,830.6,448.9
451800.0,193.4,476.8,316.1,72.4,455.4,295.1,818.2,425.6
452700.0,192.7,486.2,325.8,73.0,455.6,293.6,843.8,436.2
453600.0,190.3,485.2,324.1,69.2,440.9,287.5,838.7,421.1
454500.0,195.1,476.0,328.3,64.8,423.8,280.6,862.2,431.6
455400.0,195.5,468.9,324.6,62.4,437.7,287.7,873.6,435.3
456300.0,198.4,438.8,320.0,60.2,432.2,290.5,845.8,443.0
457200.0,190.0,446.7,305.4,62.5,458.3,291.7,835.4,440.4
458100.0,195.6,461.7,287.3,65.0,450.2,316.1,826.7,456.5
459000.0,206.3,440.7,289.1,63.7,428.3,321.6,826.7,449.1
459900.0,194.7,435.8,293.8,67.3,441.5,340.7,827.3,471.1
460800.0,185.5,424.7,284.3,70.1,443.4,340.0,864.9,474.6
461700.0,195.6,418.1,288.8,69.2,446.0,347.9,848.5,468.8
462600.0,192.1,426.9,293.4,65.1,454.8,352.5,850.8,494.8
463500.0,201.9,404.4,275.3,68.8,434.3,340.4,858.0,501.3
464400.0,195.5,423.2,272.2,67.1,424.5,361.9,857.4,527.2
465300.0,205.3,441.3,282.8,66.1,415.3,364.6,859.0,542.9
466200.0,203.1,442.6,291.6,63.9,390.4,375.7,847.5,536.3
467100.0,202.2,412.6,283.7,60.4,384.6,370.0,852.4,538.0
468000.0,212.0,408.0,290.0,55.6,403.5,370.6,862.5,541.4
468900.0,204.9,435.4,304.1,57.9,403.1,363.6,870.0,558.2
469800.0,194.2,402.6,313.5,55.6,378.9,378.0,880.5,561.3
470700.0,189.1,408.8,312.8,65.2,355.3,380.2,900.8,560.8
471600.0,192.0,402.5,308.4,60.9,383.6,382.0,913.5,556.3
472500.0,178.3,425.0,301.7,56.8,381.5,390.7,915.2,549.6
473400.0,184.3,423.5,306.7,58.6,371.6,395.1,902.9,556.5
474300.0,180.0,437.5,308.1,63.2,369.0,394.0,900.4,548.4
475200.0,189.8,451.7,313.3,62.8,349.0,370.4,903.8,536.8
476100.0,169.9,479.4,312.6,64.1,376.0,356.9,913.3,524.6
477000.0,165.7,474.1,318.7,57.9,372.1,341.9,913.3,513.8
477900.0,155.1,477.5,316.4,56.3,395.8,345.9,908.4,495.8
478800.0,152.9,454.1,321.1,53.8,396.8,343.5,901.7,486.6
479700.0,159.6,471.5,325.9,49.3,419.0,325.5,890.6,501.1
480600.0,161.9,458.7,313.0,51.6,421.2,322.1,898.3,496.2
481500.0,163.3,450.4,291.9,46.7,432.9,306.1,890.0,501.1
482400.0,165.2,450.8,307.2,45.4,441.8,306.9,888.4,473.4
483300.0,164.1,429.3,307.3,46.8,449.2,291.5,894.3,480.4
484200.0,152.7,436.0,287.6,47.3,452.5,300.2,887.7,479.0
485100.0,155.9,451.9,280.6,51.7,448.0,306.2,899.1,474.7
486000.0,157.6,455.9,289.5,55.3,477.8,326.5,912.6,477.7
486900.0,155.9,432.8,286.4,60.3,462.2,333.3,907.9,473.5
487800.0,155.2,433.6,281.4,64.4,464.1,326.3,904.8,453.7
488700.0,151.9,446.3,296.2,69.3,467.3,332.8,913.4,467.3
489600.0,162.2,420.4,284.3,70.2,477.3,316.1,905.4,472.1
490500.0,153.4,409.5,276.6,72.1,474.7,306.3,897.6,470.7
491400.0,143.6,427.6,280.1,74.5,484.9,310.9,914.5,462.9
492300.0,131.2,434.5,284.9,75.5,487.4,289.8,925.2,451.2
493200.0,117.8,442.4,290.0,74.9,469.3,293.1,930.8,458.2
494100.0,104.3,469.4,298.6,74.7,478.5,286.0,939.6,478.0
495000.0,95.2,473.0,298.8,73.0,470.2,291.1,912.3,480.8
495900.0,93.7,478.8,301.9,75.3,454.1,283.6,929.3,467.2
496800.0,95.3,512.5,297.2,75.7,468.8,292.3,932.3,471.7
497700.0,94.1,500.4,296.6,74.3,486.6,295.5,942.4,472.7
498600.0,86.3,482.1,296.7,73.0,502.3,312.0,943.7,482.8
499500.0,92.8,483.9,298.1,70.1,516.2,312.0,940.9,488.7
500400.0,96.9,485.9,305.2,74.2,490.4,304.2,934.8,457.7
501300.0,93.1,474.3,309.4,74.4,471.9,302.8,937.4,466.7
502200.0,85.9,457.7,308.3,71.5,505.4,290.5,931.7,458.8
503100.0,89.4,490.8,299.4,74.0,487.8,297.5,941.1,447.9
504000.0,89.5,491.6,301.2,71.9,497.1,305.3,919.7,450.9
504900.0,76.7,478.0,302.4,67.4,485.0,330.6,914.2,459.4
505800.0,77.0,490.1,306.5,70.9,485.8,321.2,940.7,446.1
506700.0,80.2,486.7,330.9,69.0,475.4,316.7,931.3,458.3
507600.0,74.0,482.5,325.2,67.8,484.4,309.7,928.1,469.1
508500.0,77.8,491.2,330.7,68.1,485.4,309.6,917.7,467.2
509400.0,68.4,473.5,342.8,71.7,477.5,310.9,923.6,455.8
510300.0,83.3,482.5,344.3,71.3,461.7,307.3,915.8,444.5
511200.0,95.9,513.0,368.8,67.4,468.1,315.3,915.9,454.3
512100.0,95.5,519.7,363.2,69.3,451.4,304.7,928.6,436.7
513000.0,101.0,514.7,366.1,67.8,461.9,311.5,920.8,446.9
513900.0,84.5,509.7,357.9,73.7,503.9,312.5,932.2,442.8
514800.0,81.6,507.8,355.6,73.1,520.6,307.5,942.4,439.5
515700.0,87.4,509.3,359.9,65.9,525.4,300.0,953.9,420.1
516600.0,87.5,509.6,369.4,67.6,517.5,320.7,952.8,418.8
517500.0,103.4,528.7,372.0,73.8,483.0,305.7,989.2,424.9
518400.0,128.8,508.4,383.2,78.0,463.1,303.8,994.0,410.1
519300.0,126.5,527.3,378.9,82.3,485.6,291.3,988.5,415.3
520200.0,128.9,526.1,372.2,77.5,473.8,305.7,969.4,415.2
521100.0,141.2,535.6,396.3,79.2,465.1,308.8,959.0,407.5
522000.0,164.2,522.5,392.9,75.8,465.9,295.6,968.0,415.5
522900.0,162.7,545.5,376.9,75.7,453.2,296.0,978.5,391.6
523800.0,174.5,563.4,362.7,71.2,440.1,293.7,984.1,396.4
524700.0,198.3,574.2,347.3,69.2,446.6,283.8,980.0,413.1
525600.0,191.8,548.3,352.4,67.5,439.6,288.0,951.6,425.2
526500.0,190.0,556.4,343.2,70.7,436.1,287.7,948.0,425.0
527400.0,195.9,556.6,339.8,73.2,432.5,285.7,923.6,417.7
528300.0,200.5,527.9,334.7,73.8,449.1,281.3,899.6,408.1
529200.0,215.2,525.0,338.0,69.4,452.0,282.2,899.5,403.3
530100.0,223.2,527.5,324.9,68.8,455.3,281.0,902.4,407.6
531000.0,213.7,531.9,311.4,67.0,469.9,278.2,909.1,397.9
531900.0,223.8,530.1,312.9,70.3,471.2,268.9,909.6,405.4
532800.0,223.4,529.8,318.0,74.1,470.4,284.4,910.1,425.7
533700.0,232.0,546.1,319.6,76.9,481.1,270.2,892.1,421.2
534600.0,223.1,556.3,309.7,73.9,493.1,273.2,887.1,404.9
535500.0,214.5,507.7,316.1,65.4,491.3,268.4,865.8,391.4
536400.0,215.8,502.0,307.5,61.1,493.2,285.4,841.5,401.7
537300.0,218.0,499.4,302.5,66.6,476.9,273.7,853.7,402.5
538200.0,216.8,475.0,294.0,65.8,461.2,265.8,845.9,413.3
539100.0,198.3,480.2,309.3,64.0,471.7,257.3,858.8,409.1
540000.0,200.0,500.8,315.7,69.5,475.1,263.6,872.5,420.0
540900.0,188.7,485.7,320.9,73.1,477.6,252.8,863.3,420.3
541800.0,189.1,492.8,331.8,72.3,476.5,253.4,870.1,416.0
542700.0,176.1,481.4,356.7,70.7,471.5,238.0,860.8,416.7
543600.0,180.0,475.2,332.7,69.8,476.5,249.8,838.8,410.6
544500.0,173.4,500.0,322.0,70.0,483.8,253.4,843.9,438.6
545400.0,164.0,492.8,314.2,74.3,489.2,247.6,841.2,442.8
546300.0,172.0,500.8,305.1,74.4,478.2,269.4,839.5,455.0
547200.0,175.2,474.9,295.2,75.4,490.8,265.0,867.3,454.9
548100.0,171.0,505.2,294.6,77.5,483.8,283.0,849.3,450.7
549000.0,184.1,513.3,284.9,72.2,483.6,284.1,857.3,456.3
549900.0,180.1,509.3,292.2,73.5,477.9,308.5,848.1,475.3
550800.0,180.6,516.4,295.5,71.5,472.3,321.1,863.6,475.9
551700.0,182.8,494.7,302.7,63.0,452.6,314.4,870.1,473.4
552600.0,177.7,512.5,309.0,57.0,457.3,309.6,877.4,481.8
553500.0,182.1,506.6,315.4,55.3,493.3,320.4,868.5,492.5
554400.0,177.8,503.2,311.1,58.4,475.6,320.5,864.0,512.8
555300.0,175.1,496.4,332.3,59.8,467.2,321.0,881.5,517.0
556200.0,187.0,489.3,331.5,61.3,452.4,335.1,907.5,523.1
557100.0,177.8,501.1,309.9,67.8,439.2,326.2,915.2,528.6
558000.0,159.1,505.0,300.1,63.7,458.7,326.2,906.3,514.1
558900.0,175.4,513.9,283.0,64.0,442.1,332.0,914.7,499.3
559800.0,196.7,512.2,285.8,65.3,431.3,334.6,947.9,484.5
560700.0,191.1,518.0,286.7,63.2,405.7,326.1,949.2,468.5
561600.0,174.2,510.0,283.7,63.9,396.8,316.8,967.5,475.4
562500.0,172.8,537.9,305.8,59.6,375.4,293.7,957.4,475.5
563400.0,171.7,508.2,309.8,65.0,392.8,280.2,957.7,472.9
564300.0,171.6,522.2,314.8,63.5,440.7,282.1,966.4,443.5
565200.0,164.1,535.4,302.4,70.4,434.6,278.7,971.3,464.6
566100.0,171.3,515.1,290.9,70.1,410.7,277.7,961.7,452.8
567000.0,176.9,540.8,291.4,73.2,429.8,286.3,952.9,472.1
567900.0,165.5,545.0,293.1,72.8,422.6,271.3,966.9,453.3
568800.0,173.4,548.0,274.1,72.6,447.9,267.9,981.0,443.7
569700.0,185.3,537.1,274.5,71.0,446.9,269.2,996.4,421.6
570600.0,179.5,524.2,276.8,71.9,442.2,261.4,1012.8,428.4
571500.0,169.7,513.1,276.3,73.5,446.3,276.0,1002.9,419.6
572400.0,162.2,511.8,269.9,71.7,465.3,283.3,988.4,412.4
573300.0,161.0,524.7,267.1,72.4,468.1,283.2,995.2,403.2
574200.0,140.6,518.4,268.2,71.8,468.1,298.2,992.8,416.9
575100.0,137.6,497.6,271.9,80.2,474.0,277.9,969.8,427.9
576000.0,130.0,504.1,280.1,80.4,464.4,275.5,949.2,448.2
576900.0,140.8,510.9,291.8,85.7,482.7,277.2,949.6,440.5
577800.0,133.2,512.8,288.0,85.1,466.8,265.8,941.6,442.9
578700.0,140.8,515.6,283.2,86.1,474.6,268.2,936.5,429.8
579600.0,124.7,503.7,288.0,82.4,500.2,256.0,945.2,428.1
580500.0,124.0,484.4,294.0,81.8,516.0,263.6,948.8,424.8
581400.0,120.8,468.8,288.6,83.4,534.3,273.6,958.6,431.8
582300.0,108.2,444.8,296.5,88.9,540.5,274.2,927.8,443.2
583200.0,105.5,450.6,305.2,89.4,564.6,253.3,927.9,452.5
584100.0,111.2,451.1,315.8,93.3,581.6,244.4,933.3,442.1
585000.0,103.4,446.7,330.0,94.2,588.9,252.0,911.2,451.5
585900.0,85.7,407.9,315.8,97.9,602.3,253.0,902.9,449.0
586800.0,83.9,398.9,313.0,95.9,611.0,226.5,893.6,444.0
587700.0,75.1,424.6,310.9,101.0,595.4,243.3,896.1,435.9
588600.0,72.1,421.8,308.5,96.5,567.9,246.5,917.5,430.4
589500.0,71.6,434.0,301.5,91.8,570.2,239.5,940.4,448.6
590400.0,58.3,420.2,287.8,86.3,573.5,251.6,925.8,449.7
591300.0,47.8,448.6,292.6,92.1,584.0,245.1,929.4,449.2
592200.0,55.8,451.0,288.9,92.4,562.1,239.3,932.9,444.4
593100.0,54.9,459.8,295.2,89.2,543.7,244.8,933.7,467.3
594000.0,38.0,496.4,292.6,91.2,548.4,263.6,934.5,475.2
594900.0,50.9,516.9,288.3,91.2,544.4,276.0,934.0,457.8
595800.0,58.2,509.6,299.0,95.0,513.7,273.5,950.2,446.7
596700.0,57.1,500.3,308.1,87.7,521.5,272.0,956.9,437.3
597600.0,52.0,497.1,321.0,85.4,494.9,273.7,936.5,432.3
598500.0,65.7,507.1,348.8,82.8,486.0,254.2,941.5,418.9
599400.0,74.4,507.9,354.1,76.1,513.0,256.4,946.8,418.4
600300.0,99.0,505.5,361.1,79.6,543.3,244.1,944.4,427.5
601200.0,105.4,530.4,351.8,78.5,523.5,243.9,952.1,407.0
602100.0,111.8,530.4,341.9,80.7,520.1,237.9,947.2,391.0
603000.0,114.3,564.8,362.2,87.4,523.0,239.8,943.2,383.3
603900.0,125.7,563.8,354.2,85.0,551.6,237.3,938.8,376.8
604800.0,135.4,587.1,345.9,82.8,541.9,203.0,909.4,395.1
605700.0,150.5,587.4,348.0,82.6,533.1,206.4,906.9,400.9
606600.0,150.7,596.2,348.7,85.0,555.9,213.8,897.6,404.9
607500.0,153.3,580.1,340.5,82.3,546.3,217.9,880.0,395.9
608400.0,156.7,564.5,338.7,79.9,554.6,215.8,895.8,387.8
609300.0,171.3,569.3,350.4,83.0,528.6,231.2,897.5,369.1
610200.0,190.8,580.4,339.2,83.6,526.0,231.0,891.9,375.3
611100.0,192.9,576.2,322.9,76.8,501.4,231.9,880.1,377.5
612000.0,195.9,553.6,331.7,73.5,489.5,238.6,879.9,387.3
612900.0,205.3,530.7,334.1,78.9,507.8,237.5,887.5,380.6
613800.0,209.3,509.5,324.6,80.2,509.9,223.8,871.5,375.5
614700.0,222.7,486.1,306.4,77.8,507.5,196.8,867.4,374.3
615600.0,208.6,491.9,299.1,77.5,499.0,193.5,873.8,380.6
616500.0,208.1,510.5,299.5,77.9,499.6,203.0,845.1,362.4
617400.0,207.8,510.0,312.0,80.4,507.9,200.0,842.8,369.1
618300.0,195.2,477.9,300.5,76.2,525.1,209.1,836.0,367.5
619200.0,195.0,479.3,300.2,74.2,485.5,210.4,833.4,355.9
620100.0,189.5,480.8,307.6,75.9,478.7,223.1,826.3,336.2
621000.0,189.4,513.7,283.3,76.2,487.7,218.3,827.7,339.2
621900.0,199.0,491.8,296.8,78.5,491.4,222.1,849.9,358.1
622800.0,195.5,488.2,286.2,75.1,502.0,226.1,841.6,377.0
623700.0,185.5,514.6,292.3,76.5,503.9,239.8,841.6,380.4
624600.0,184.3,519.4,296.7,79.8,496.1,219.9,861.8,400.2
625500.0,191.6,525.3,308.8,80.8,485.3,216.1,848.3,397.7
626400.0,181.4,524.0,313.7,80.5,479.6,226.6,865.0,406.6
627300.0,173.0,526.0,288.6,79.5,494.9,243.3,857.4,401.0
628200.0,177.6,534.1,283.2,76.4,479.0,245.2,872.1,396.9
629100.0,175.1,518.8,287.9,76.0,474.8,242.5,872.2,392.9
630000.0,180.0,529.5,288.4,79.6,474.2,251.8,866.9,377.0
630900.0,178.9,507.1,295.6,78.5,493.8,261.7,858.0,398.3
631800.0,183.8,512.0,304.8,75.2,481.9,259.0,843.8,398.5
632700.0,174.1,514.0,310.8,73.6,490.1,264.6,840.2,398.5
633600.0,174.2,504.7,307.6,74.3,500.6,278.8,847.2,395.9
634500.0,172.7,505.1,288.5,73.1,489.6,298.9,842.5,404.7
635400.0,163.4,497.1,286.2,74.6,477.6,305.2,835.1,432.9
636300.0,152.9,484.0,292.9,76.0,465.2,304.2,830.0,461.1
637200.0,161.9,482.9,283.5,78.3,455.3,302.7,841.1,448.3
638100.0,161.4,471.6,292.7,81.8,463.3,307.8,853.9,451.0
639000.0,155.5,481.9,303.2,83.5,460.4,305.4,842.7,446.9
639900.0,158.0,470.1,304.3,79.2,457.8,306.2,833.8,463.7
640800.0,170.0,486.2,273.3,75.6,434.9,294.0,839.7,471.0
641700.0,152.8,473.3,264.8,75.0,417.7,306.7,859.4,467.8
642600.0,144.6,471.1,289.1,73.4,449.6,292.4,872.5,471.9
643500.0,142.1,468.3,285.4,70.0,441.9,286.7,855.8,469.5
644400.0,159.1,493.3,267.9,69.2,426.3,286.4,854.5,487.9
645300.0,164.2,500.7,283.8,68.4,446.2,302.4,846.3,488.7
646200.0,172.3,499.4,284.8,67.2,446.0,290.9,848.3,489.6
647100.0,164.0,508.2,296.3,67.3,450.4,277.8,873.4,456.1
648000.0,157.1,479.3,297.6,71.9,443.6,267.0,859.1,453.0
648900.0,163.7,481.4,300.3,72.9,435.4,279.3,845.2,471.2
649800.0,166.3,511.4,301.4,80.7,431.0,244.5,843.4,478.5
650700.0,172.4,510.5,305.5,80.4,409.6,232.5,855.6,452.7
651600.0,171.7,508.6,324.5,78.9,411.3,259.4,870.1,445.8
652500.0,174.8,513.4,327.5,78.6,419.1,260.6,880.3,430.9
653400.0,176.5,522.0,304.3,79.3,449.8,244.6,897.6,447.2
654300.0,182.9,488.6,304.6,80.5,450.2,241.5,876.9,446.4
655200.0,188.5,464.4,311.7,86.6,415.3,239.9,894.3,435.6
656100.0,168.3,470.1,318.2,83.2,420.2,246.4,890.7,434.4
657000.0,145.3,461.8,307.3,85.6,468.0,261.8,899.7,407.1
657900.0,150.9,482.9,313.8,85.9,481.7,260.5,878.9,399.2
658800.0,156.4,477.8,316.8,81.0,469.6,250.1,876.3,403.7
659700.0,142.6,450.7,335.7,84.1,481.6,254.5,876.0,415.8
660600.0,123.5,436.9,318.4,88.4,473.2,243.5,886.0,398.2
661500.0,122.2,404.2,306.1,86.0,458.3,230.7,861.0,398.9
662400.0,127.1,411.5,297.6,86.6,462.0,212.7,858.6,413.4
663300.0,137.6,418.3,288.4,82.2,473.0,199.2,842.7,401.2
664200.0,135.6,420.7,276.6,80.1,454.0,194.5,847.9,407.7
665100.0,126.3,443.7,247.8,85.3,449.8,187.6,855.3,411.6
666000.0,113.6,464.9,246.6,85.3,464.3,196.7,867.5,431.3
666900.0,109.7,463.8,253.6,83.4,471.1,189.2,855.8,428.7
667800.0,103.4,435.3,251.0,85.9,489.4,163.4,863.3,427.1
668700.0,91.9,449.7,273.1,85.7,481.1,162.4,874.7,436.0
669600.0,106.4,461.1,272.8,85.7,503.1,167.3,848.3,421.7
670500.0,116.2,467.4,285.4,89.2,493.3,170.0,852.9,420.7
671400.0,119.1,482.3,286.0,86.4,527.4,193.6,860.8,417.4
672300.0,105.0,465.1,292.4,84.8,505.7,192.2,852.9,417.8
673200.0,107.0,495.0,292.6,86.4,496.5,206.0,834.6,428.0
674100.0,106.9,479.2,304.1,89.7,506.0,208.6,844.9,433.8
675000.0,105.2,489.9,301.1,93.2,531.9,210.6,827.7,425.6
675900.0,110.2,465.2,303.5,90.2,532.8,204.3,825.3,427.5
676800.0,109.6,455.2,304.8,92.4,536.6,206.7,824.8,442.7
677700.0,110.1,481.5,300.1,89.0,531.0,201.6,833.3,432.4
678600.0,109.9,479.4,303.7,93.9,510.0,206.6,824.3,433.4
679500.0,107.6,493.7,325.9,89.1,499.8,206.7,815.9,430.8
680400.0,88.9,498.0,320.5,92.4,480.0,199.7,817.9,430.0
681300.0,88.4,497.7,323.8,89.2,461.9,211.1,830.4,409.6
682200.0,83.4,518.9,335.9,94.4,471.5,214.8,856.3,422.2
683100.0,73.9,515.3,345.8,94.7,456.8,208.9,832.6,410.4
684000.0,90.2,491.7,343.9,90.0,465.8,209.5,834.2,417.9
684900.0,105.2,486.3,318.9,87.6,449.1,207.4,818.6,407.3
685800.0,115.9,501.6,327.4,89.5,458.9,197.5,830.5,397.6
686700.0,117.3,513.5,307.7,91.9,455.4,198.2,817.0,407.4
687600.0,128.3,497.0,328.1,90.6,480.9,191.5,808.5,413.0
688500.0,128.3,495.7,332.6,89.9,486.3,182.4,802.1,409.5
689400.0,131.2,497.4,344.6,91.5,504.6,167.6,802.8,411.6
690300.0,124.8,502.4,335.6,90.9,490.2,167.4,808.0,402.5
